user,experiment,x,y,lastDimension,click,listed,label,time,elapsedTime,observedRadialAngle,observedRadialQuadrant,expectedRadialAngle,expectedRadialQuadrant,radialDistance,expectedDimensionX,expectedDimensionY,vectorDistance,observedVectorQuadrant,expectedVectorQuadrant,_id
8s,ryih9BATl,2,27,Y,button,VERO,Confiant,2017-04-25T13:51:31Z,51115,4.236394799,1,9,1,5,NA,NA,NA,NA,NA,99
8s,ryih9BATl,28,27,X,button,VERO,Intéressé,2017-04-25T13:51:35Z,55303,46.04162668,1,9,1,37,NA,NA,NA,NA,NA,100
8s,ryih9BATl,29,27,X,button,VERO,Intéressé,2017-04-25T13:54:05Z,205510,47.04540849,1,9,1,38,NA,NA,NA,NA,NA,101
8s,ryih9BATl,29,62,Y,button,VERO,Confiant,2017-04-25T13:54:17Z,217444,25.06746344,1,9,1,16,NA,NA,NA,NA,NA,102
8s,ryih9BATl,58,62,X,button,VERO,Amusé,2017-04-25T13:54:59Z,259196,43.09084757,1,9,1,34,NA,NA,NA,NA,NA,103
8s,ryih9BATl,58,66,Y,button,VERO,Amusé,2017-04-25T13:55:25Z,285050,41.30861401,1,9,1,32,NA,NA,NA,NA,NA,104
8s,ryih9BATl,58,27,Y,button,VERO,Concentré,2017-04-25T13:57:52Z,432953,65.03721017,1,9,1,56,NA,NA,NA,NA,NA,105
8s,ryih9BATl,0,27,X,button,VERO,Concentré,2017-04-25T13:58:00Z,440624,90,1,9,1,81,NA,NA,NA,NA,NA,106
8s,ryih9BATl,0,-16,Y,button,VERO,Stressé,2017-04-25T13:59:10Z,510832,270,3,9,1,99,NA,NA,NA,NA,NA,107
8s,ryih9BATl,-8,-16,X,button,VERO,Confus,2017-04-25T13:59:38Z,538153,206.5650512,3,9,1,162,NA,NA,NA,NA,NA,108
8s,ryih9BATl,27,-16,X,button,VERO,Surpris,2017-04-25T13:59:58Z,558334,120.650668,2,9,1,112,NA,NA,NA,NA,NA,109
8s,ryih9BATl,27,35,Y,button,VERO,Amusé,2017-04-25T14:00:02Z,562183,37.64762064,1,9,1,29,NA,NA,NA,NA,NA,110
8s,ryih9BATl,53,35,X,button,VERO,Amusé,2017-04-25T14:00:36Z,596487,56.56013079,1,9,1,48,NA,NA,NA,NA,NA,111
8s,ryih9BATl,10,21,Y,button,VERO,Amusé,2017-04-25T14:10:16Z,1176107,25.46334506,1,9,1,16,NA,NA,NA,NA,NA,112
8s,ryih9BATl,23,21,X,button,VERO,Amusé,2017-04-25T14:10:27Z,1187395,47.6025622,1,9,1,39,NA,NA,NA,NA,NA,113
9s,ryih9BATl,67,0,X,button,VERO,Confus,2017-04-26T06:20:01Z,150603,180,2,9,1,171,NA,NA,NA,NA,NA,114
9s,ryih9BATl,67,-2,Y,button,VERO,Concentré,2017-04-26T06:21:35Z,243974,91.70981404,2,9,1,83,NA,NA,NA,NA,NA,115
9s,ryih9BATl,-100,-2,X,button,VERO,Frustré,2017-04-26T06:21:59Z,268797,268.8542372,3,9,1,100,NA,NA,NA,NA,NA,116
9s,ryih9BATl,31,-2,X,button,VERO,Détendu,2017-04-26T06:24:52Z,441629,93.69138599,2,9,1,85,NA,NA,NA,NA,NA,117
9s,ryih9BATl,31,13,Y,button,VERO,Concentré,2017-04-26T06:25:00Z,449490,67.24902366,1,9,1,58,NA,NA,NA,NA,NA,118
9s,ryih9BATl,32,13,X,button,VERO,Concentré,2017-04-26T06:31:15Z,824446,67.89055166,1,9,1,59,NA,NA,NA,NA,NA,119
9s,ryih9BATl,32,25,Y,button,VERO,Intéressé,2017-04-26T06:31:18Z,827916,52.00126756,1,9,1,43,NA,NA,NA,NA,NA,120
9s,ryih9BATl,37,25,X,button,VERO,Ravi,2017-04-26T06:32:28Z,897532,55.95406264,1,9,1,47,NA,NA,NA,NA,NA,121
9s,ryih9BATl,-71,25,X,other,FALSO,déconcerté,2017-04-26T06:33:10Z,939792,289.3978124,4,NA,NA,NA,NA,NA,NA,NA,NA,122
9s,ryih9BATl,-82,25,X,button,VERO,Frustré,2017-04-26T06:36:52Z,1161056,286.9553131,4,9,1,82,NA,NA,NA,NA,NA,123
12s,ryih9BATl,-48,47,Y,other,VERO,Frustré,2017-04-27T08:36:39Z,279246,314.3969088,4,9,1,55,NA,NA,NA,NA,NA,180
12s,ryih9BATl,-48,-100,Y,other,VERO,Surpris,2017-04-27T08:39:26Z,446131,205.6410058,3,9,1,163,NA,NA,NA,NA,NA,181
12s,ryih9BATl,-1,-100,X,other,VERO,Amusé,2017-04-27T08:41:31Z,570950,180.5729387,3,9,1,172,NA,NA,NA,NA,NA,182
12s,ryih9BATl,-30,-100,X,other,VERO,Lassé,2017-04-27T08:45:06Z,786064,196.6992442,3,9,1,172,NA,NA,NA,NA,NA,183
12s,ryih9BATl,13,-100,X,other,VERO,Amusé,2017-04-27T08:50:46Z,1126259,172.5930879,2,9,1,164,NA,NA,NA,NA,NA,184
12s,ryih9BATl,100,-100,X,button,VERO,Soulagé,2017-04-27T08:51:16Z,1155844,135,2,9,1,126,NA,NA,NA,NA,NA,185
13s,ryih9BATl,97,93,X,button,VERO,Intéressé,2017-04-27T10:32:00Z,33303,46.20604878,1,9,1,37,NA,NA,NA,NA,NA,186
13s,ryih9BATl,97,93,X,button,VERO,Amusé,2017-04-27T10:36:52Z,325009,46.20604878,1,9,1,37,NA,NA,NA,NA,NA,187
13s,ryih9BATl,93,50,Y,button,VERO,Amusé,2017-04-27T10:41:11Z,584419,61.73599585,1,9,1,53,NA,NA,NA,NA,NA,188
13s,ryih9BATl,64,23,Y,button,VERO,Concentré,2017-04-27T10:41:49Z,622728,70.23283132,1,9,1,61,NA,NA,NA,NA,NA,189
13s,ryih9BATl,64,87,Y,button,VERO,Ravi,2017-04-27T10:45:45Z,857947,36.33939633,1,9,1,27,NA,NA,NA,NA,NA,190
13s,ryih9BATl,99,87,X,button,VERO,Ravi,2017-04-27T10:46:00Z,873331,48.69138599,1,9,1,40,NA,NA,NA,NA,NA,191
13s,ryih9BATl,-22,89,X,button,VERO,Irrité,2017-04-27T10:50:55Z,1168324,346.1153323,4,9,1,23,NA,NA,NA,NA,NA,192
18s,ryih9BATl,-79,-78,Y,button,VERO,Stressé,2017-04-28T12:28:24Z,42578,225.3649363,3,9,1,144,NA,NA,NA,NA,NA,235
18s,ryih9BATl,-80,-78,X,button,VERO,Anxieux,2017-04-28T12:30:32Z,170965,225.7252243,3,9,1,143,NA,NA,NA,NA,NA,236
18s,ryih9BATl,-80,-43,Y,button,VERO,Insatisfait,2017-04-28T12:31:11Z,210125,241.7419704,3,9,1,127,NA,NA,NA,NA,NA,237
18s,ryih9BATl,-80,-81,Y,other,FALSO,dépitée,2017-04-28T12:32:26Z,284807,224.6441302,3,NA,NA,NA,NA,NA,NA,NA,NA,238
18s,ryih9BATl,-100,-83,Y,button,VERO,Lassé,2017-04-28T12:33:21Z,339785,230.3073268,3,9,1,139,NA,NA,NA,NA,NA,239
18s,ryih9BATl,-99,-83,X,other,FALSO,agacée,2017-04-28T12:34:33Z,411904,230.0240753,3,NA,NA,NA,NA,NA,NA,NA,NA,240
18s,ryih9BATl,-99,-100,Y,other,FALSO,perplexe,2017-04-28T12:36:59Z,557616,224.7120839,3,NA,NA,NA,NA,NA,NA,NA,NA,241
18s,ryih9BATl,-100,-100,Y,button,VERO,Lassé,2017-04-28T12:38:13Z,631982,225,3,9,1,144,NA,NA,NA,NA,NA,242
18s,ryih9BATl,-100,-100,X,other,FALSO,découragée,2017-04-28T12:42:08Z,867482,225,3,NA,NA,NA,NA,NA,NA,NA,NA,243
18s,ryih9BATl,-100,-100,X,button,VERO,Lassé,2017-04-28T12:43:50Z,968878,225,3,9,1,144,NA,NA,NA,NA,NA,244
18s,ryih9BATl,-100,-100,X,other,FALSO,amusée,2017-04-28T12:47:12Z,1170900,225,3,NA,NA,NA,NA,NA,NA,NA,NA,245
18s,ryih9BATl,-100,-100,X,other,FALSO,perplexe,2017-04-28T12:47:19Z,1178413,225,3,NA,NA,NA,NA,NA,NA,NA,NA,246
19s,ryih9BATl,16,63,X,button,VERO,Intéressé,2017-04-28T13:46:43Z,34017,14.2500327,1,9,1,5,NA,NA,NA,NA,NA,247
19s,ryih9BATl,70,74,Y,button,VERO,Amusé,2017-04-28T13:48:27Z,137631,43.40885973,1,9,1,34,NA,NA,NA,NA,NA,248
19s,ryih9BATl,32,74,X,other,FALSO,Ennuyé,2017-04-28T13:50:06Z,236480,23.38522106,1,NA,NA,NA,NA,NA,NA,NA,NA,249
19s,ryih9BATl,71,74,X,button,VERO,Ravi,2017-04-28T13:50:34Z,264558,43.81473918,1,9,1,35,NA,NA,NA,NA,NA,250
19s,ryih9BATl,32,74,X,other,FALSO,Ennuyé,2017-04-28T13:51:04Z,294829,23.38522106,1,NA,NA,NA,NA,NA,NA,NA,NA,251
19s,ryih9BATl,32,29,Y,button,VERO,Intéressé,2017-04-28T13:51:31Z,322180,47.81555668,1,9,1,39,NA,NA,NA,NA,NA,252
19s,ryih9BATl,79,94,Y,button,VERO,Amusé,2017-04-28T13:51:54Z,345419,40.04455106,1,9,1,31,NA,NA,NA,NA,NA,253
19s,ryih9BATl,98,94,X,button,VERO,Ravi,2017-04-28T13:53:04Z,415107,46.19348942,1,9,1,37,NA,NA,NA,NA,NA,254
19s,ryih9BATl,50,94,X,other,FALSO,ennuyé,2017-04-28T13:54:27Z,498387,28.00917671,1,NA,NA,NA,NA,NA,NA,NA,NA,255
19s,ryih9BATl,18,81,X,button,VERO,Irrité,2017-04-28T13:55:26Z,557245,12.52880771,1,9,1,4,NA,NA,NA,NA,NA,256
19s,ryih9BATl,39,39,X,button,VERO,Intéressé,2017-04-28T13:56:21Z,612142,45,1,9,1,36,NA,NA,NA,NA,NA,257
19s,ryih9BATl,14,24,Y,button,VERO,Confiant,2017-04-28T13:58:12Z,723358,30.25643716,1,9,1,21,NA,NA,NA,NA,NA,258
19s,ryih9BATl,50,56,Y,button,VERO,Ravi,2017-04-28T13:58:26Z,737150,41.7602997,1,9,1,33,NA,NA,NA,NA,NA,259
19s,ryih9BATl,50,44,Y,button,VERO,Amusé,2017-04-28T13:59:03Z,774079,48.65222278,1,9,1,40,NA,NA,NA,NA,NA,260
19s,ryih9BATl,-5,-2,X,button,VERO,Stressé,2017-04-28T14:00:12Z,842674,248.1985905,3,9,1,121,NA,NA,NA,NA,NA,261
19s,ryih9BATl,-21,-5,X,other,VERO,Irrité,2017-04-28T14:00:34Z,865169,256.6075022,3,9,1,112,NA,NA,NA,NA,NA,262
19s,ryih9BATl,22,27,Y,button,VERO,Intéressé,2017-04-28T14:01:17Z,908291,39.17365797,1,9,1,30,NA,NA,NA,NA,NA,263
19s,ryih9BATl,-10,-10,X,button,VERO,Anxieux,2017-04-28T14:01:48Z,939408,225,3,9,1,144,NA,NA,NA,NA,NA,264
19s,ryih9BATl,-10,-2,Y,other,VERO,Concentré,2017-04-28T14:02:03Z,953698,258.6900675,3,9,1,110,NA,NA,NA,NA,NA,265
19s,ryih9BATl,27,-89,Y,button,VERO,Confus,2017-04-28T14:04:57Z,1127454,163.1237354,2,9,1,154,NA,NA,NA,NA,NA,266
19s,ryih9BATl,27,33,Y,button,VERO,Amusé,2017-04-28T14:05:32Z,1163187,39.28940686,1,9,1,30,NA,NA,NA,NA,NA,267
30s,ryih9BATl,30,-47,X,button,VERO,Surpris,2017-05-02T16:19:56Z,6662,147.4499965,2,9,1,138,NA,NA,NA,NA,NA,455
30s,ryih9BATl,14,-10,Y,button,VERO,Surpris,2017-05-02T16:20:39Z,49683,125.5376778,2,9,1,117,NA,NA,NA,NA,NA,456
30s,ryih9BATl,49,88,X,button,VERO,Intéressé,2017-05-02T16:21:16Z,86405,29.10985556,1,9,1,20,NA,NA,NA,NA,NA,457
30s,ryih9BATl,-9,-53,X,button,VERO,Anxieux,2017-05-02T16:21:50Z,120666,189.6375381,3,9,1,179,NA,NA,NA,NA,NA,458
30s,ryih9BATl,-9,-88,X,button,VERO,Confus,2017-05-02T16:23:29Z,218977,185.8394923,3,9,1,177,NA,NA,NA,NA,NA,459
30s,ryih9BATl,-13,-88,X,button,VERO,Anxieux,2017-05-02T16:23:48Z,238105,188.4033711,3,9,1,179,NA,NA,NA,NA,NA,460
30s,ryih9BATl,-24,-88,X,other,VERO,Enervé,2017-05-02T16:24:13Z,263504,195.2551187,3,9,1,174,NA,NA,NA,NA,NA,461
30s,ryih9BATl,29,-34,X,other,VERO,amusé,2017-05-02T16:24:37Z,287827,139.5377725,2,9,1,131,NA,NA,NA,NA,NA,462
30s,ryih9BATl,-23,-88,X,button,VERO,Confus,2017-05-02T16:26:04Z,373967,194.6473753,3,9,1,174,NA,NA,NA,NA,NA,463
30s,ryih9BATl,-24,-88,X,other,FALSO,emprunté,2017-05-02T16:27:17Z,446903,195.2551187,3,NA,NA,NA,NA,NA,NA,NA,NA,464
30s,ryih9BATl,22,-3,Y,other,VERO,amusé,2017-05-02T16:29:07Z,556935,97.76516602,2,9,1,89,NA,NA,NA,NA,NA,465
30s,ryih9BATl,-22,-19,X,other,FALSO,ennuyé,2017-05-02T16:29:46Z,596759,229.1849161,3,NA,NA,NA,NA,NA,NA,NA,NA,466
30s,ryih9BATl,-22,-34,Y,button,VERO,Confus,2017-05-02T16:31:08Z,678319,212.9052429,3,9,1,156,NA,NA,NA,NA,NA,467
30s,ryih9BATl,-2,-55,X,button,VERO,Empathique,2017-05-02T16:32:17Z,747874,182.0825653,3,9,1,173,NA,NA,NA,NA,NA,468
30s,ryih9BATl,-87,-85,Y,other,FALSO,bloquée,2017-05-02T16:33:01Z,791001,225.6662,3,NA,NA,NA,NA,NA,NA,NA,NA,469
30s,ryih9BATl,-4,-6,Y,other,VERO,Amusé,2017-05-02T16:34:16Z,866616,213.6900675,3,9,1,155,NA,NA,NA,NA,NA,470
30s,ryih9BATl,41,-46,Y,button,VERO,Surpris,2017-05-02T16:35:41Z,951518,138.2892427,2,9,1,129,NA,NA,NA,NA,NA,471
30s,ryih9BATl,41,-23,Y,button,VERO,Surpris,2017-05-02T16:37:02Z,1032180,119.2913622,2,9,1,110,NA,NA,NA,NA,NA,472
30s,ryih9BATl,41,-18,Y,button,VERO,Détendu,2017-05-02T16:37:05Z,1034977,113.702646,2,9,1,105,NA,NA,NA,NA,NA,473
30s,ryih9BATl,41,14,Y,button,VERO,Amusé,2017-05-02T16:39:05Z,1155117,71.14684124,1,9,1,62,NA,NA,NA,NA,NA,474
32s,ryih9BATl,100,97,Y,button,VERO,Amusé,2017-05-03T09:40:54Z,32394,45.87245712,1,9,1,37,NA,NA,NA,NA,NA,511
32s,ryih9BATl,100,97,Y,button,VERO,Intéressé,2017-05-03T09:43:14Z,171876,45.87245712,1,9,1,37,NA,NA,NA,NA,NA,512
32s,ryih9BATl,100,77,Y,button,VERO,Amusé,2017-05-03T09:44:47Z,265234,52.40372885,1,9,1,43,NA,NA,NA,NA,NA,513
32s,ryih9BATl,100,48,Y,button,VERO,Concentré,2017-05-03T09:45:43Z,321097,64.35899418,1,9,1,55,NA,NA,NA,NA,NA,514
32s,ryih9BATl,100,5,Y,button,VERO,Concentré,2017-05-03T09:47:04Z,402503,87.13759477,1,9,1,78,NA,NA,NA,NA,NA,515
32s,ryih9BATl,100,-19,Y,button,VERO,Détendu,2017-05-03T09:48:32Z,490044,100.7579671,2,9,1,92,NA,NA,NA,NA,NA,516
32s,ryih9BATl,100,-13,Y,button,VERO,Concentré,2017-05-03T09:48:36Z,494172,97.40691213,2,9,1,88,NA,NA,NA,NA,NA,517
32s,ryih9BATl,100,-8,Y,other,VERO,Amusé,2017-05-03T09:49:44Z,562170,94.57392126,2,9,1,86,NA,NA,NA,NA,NA,518
32s,ryih9BATl,100,14,Y,button,VERO,Ravi,2017-05-03T09:49:51Z,569146,82.03038961,1,9,1,73,NA,NA,NA,NA,NA,519
32s,ryih9BATl,100,57,Y,button,VERO,Amusé,2017-05-03T09:51:01Z,639570,60.31685982,1,9,1,51,NA,NA,NA,NA,NA,520
32s,ryih9BATl,100,76,Y,button,VERO,Intéressé,2017-05-03T09:51:05Z,643146,52.76516602,1,9,1,44,NA,NA,NA,NA,NA,521
32s,ryih9BATl,100,100,Y,button,VERO,Amusé,2017-05-03T09:52:15Z,713585,45,1,9,1,36,NA,NA,NA,NA,NA,522
32s,ryih9BATl,100,98,Y,other,VERO,Surpris,2017-05-03T09:52:38Z,735735,45.57872557,1,9,1,37,NA,NA,NA,NA,NA,523
32s,ryih9BATl,100,98,Y,button,VERO,Amusé,2017-05-03T09:53:35Z,792838,45.57872557,1,9,1,37,NA,NA,NA,NA,NA,524
32s,ryih9BATl,100,98,Y,button,VERO,Intéressé,2017-05-03T09:54:46Z,863706,45.57872557,1,9,1,37,NA,NA,NA,NA,NA,525
32s,ryih9BATl,99,98,X,button,VERO,Amusé,2017-05-03T09:55:00Z,878188,45.29083902,1,9,1,36,NA,NA,NA,NA,NA,526
32s,ryih9BATl,99,62,Y,button,VERO,Concentré,2017-05-03T09:56:12Z,950399,57.94262427,1,9,1,49,NA,NA,NA,NA,NA,527
32s,ryih9BATl,99,79,Y,button,VERO,Amusé,2017-05-03T09:59:44Z,1161898,51.41084002,1,9,1,42,NA,NA,NA,NA,NA,528
34s,ryih9BATl,0,72,Y,button,VERO,Concentré,2017-05-03T17:03:38Z,171678,90,1,9,1,81,NA,NA,NA,NA,NA,540
34s,ryih9BATl,0,-24,Y,button,VERO,Insatisfait,2017-05-03T17:05:28Z,281507,270,3,9,1,99,NA,NA,NA,NA,NA,541
34s,ryih9BATl,-46,-97,Y,button,VERO,Confus,2017-05-03T17:08:55Z,487909,205.3715618,3,9,1,164,NA,NA,NA,NA,NA,542
34s,ryih9BATl,-66,-97,X,button,VERO,Lassé,2017-05-03T17:09:03Z,496428,214.2318554,3,9,1,155,NA,NA,NA,NA,NA,543
34s,ryih9BATl,-45,-97,X,button,VERO,Confus,2017-05-03T17:09:17Z,510380,204.8874117,3,9,1,164,NA,NA,NA,NA,NA,544
34s,ryih9BATl,-45,-24,Y,other,FALSO,Fatiguée,2017-05-03T17:10:45Z,598690,241.9275131,3,NA,NA,NA,NA,NA,NA,NA,NA,545
34s,ryih9BATl,-69,-45,X,button,VERO,Insatisfait,2017-05-03T17:15:20Z,873227,236.888658,3,9,1,132,NA,NA,NA,NA,NA,546
34s,ryih9BATl,-7,-45,X,button,VERO,Confus,2017-05-03T17:20:27Z,1180483,188.8418146,3,9,1,180,NA,NA,NA,NA,NA,547
36s,ryih9BATl,32,22,Y,button,VERO,Amusé,2017-05-04T07:34:52Z,252785,55.49147701,1,9,1,46,NA,NA,NA,NA,NA,553
36s,ryih9BATl,46,22,X,button,VERO,Concentré,2017-05-04T07:35:13Z,273373,64.44003483,1,9,1,55,NA,NA,NA,NA,NA,554
36s,ryih9BATl,10,22,X,button,VERO,Intéressé,2017-05-04T07:36:05Z,325326,24.44395478,1,9,1,15,NA,NA,NA,NA,NA,555
36s,ryih9BATl,10,-9,Y,button,VERO,Surpris,2017-05-04T07:36:09Z,329328,131.9872125,2,9,1,123,NA,NA,NA,NA,NA,556
36s,ryih9BATl,-52,-9,X,button,VERO,Frustré,2017-05-04T07:38:29Z,469764,260.1806994,3,9,1,109,NA,NA,NA,NA,NA,557
36s,ryih9BATl,-52,-37,Y,button,VERO,Insatisfait,2017-05-04T07:38:33Z,473429,234.566686,3,9,1,134,NA,NA,NA,NA,NA,558
36s,ryih9BATl,-52,25,Y,button,VERO,Envieux,2017-05-04T07:40:03Z,563977,295.6768157,4,9,1,73,NA,NA,NA,NA,NA,559
36s,ryih9BATl,-1,25,X,button,VERO,Confiant,2017-05-04T07:40:09Z,569464,357.70939,4,9,1,11,NA,NA,NA,NA,NA,560
36s,ryih9BATl,17,25,X,button,VERO,Confiant,2017-05-04T07:40:31Z,591623,34.21570213,1,9,1,25,NA,NA,NA,NA,NA,561
36s,ryih9BATl,17,47,Y,button,VERO,Amusé,2017-05-04T07:40:37Z,597240,19.88516511,1,9,1,11,NA,NA,NA,NA,NA,562
36s,ryih9BATl,-2,47,X,button,VERO,Confiant,2017-05-04T07:41:12Z,632888,357.5633518,4,9,1,11,NA,NA,NA,NA,NA,563
36s,ryih9BATl,-82,-100,X,other,FALSO,fachée,2017-05-04T07:45:12Z,872145,219.3517526,3,NA,NA,NA,NA,NA,NA,NA,NA,564
36s,ryih9BATl,9,41,Y,button,VERO,Intéressé,2017-05-04T07:45:37Z,897979,12.38075693,1,9,1,3,NA,NA,NA,NA,NA,565
36s,ryih9BATl,73,85,X,button,VERO,Amusé,2017-05-04T07:50:08Z,1168876,40.65676005,1,9,1,32,NA,NA,NA,NA,NA,566
36s,ryih9BATl,100,100,X,button,VERO,Ravi,2017-05-04T07:50:20Z,1180347,45,1,9,1,36,NA,NA,NA,NA,NA,567
36s,ryih9BATl,100,73,Y,button,VERO,Intéressé,2017-05-04T07:50:33Z,1193716,53.87055586,1,9,1,45,NA,NA,NA,NA,NA,568
43s,ryih9BATl,56,-47,Y,button,VERO,Surpris,2017-05-05T09:25:50Z,148857,130.006256,2,9,1,121,NA,NA,NA,NA,NA,618
43s,ryih9BATl,-100,-47,X,button,VERO,Insatisfait,2017-05-05T09:27:54Z,272985,244.8264755,3,9,1,124,NA,NA,NA,NA,NA,619
43s,ryih9BATl,64,-1,X,button,VERO,Concentré,2017-05-05T09:30:24Z,422814,90.89517371,2,9,1,82,NA,NA,NA,NA,NA,620
43s,ryih9BATl,64,56,Y,button,VERO,Intéressé,2017-05-05T09:32:36Z,554915,48.81407483,1,9,1,40,NA,NA,NA,NA,NA,621
43s,ryih9BATl,0,-36,Y,button,VERO,Frustré,2017-05-05T09:37:35Z,853381,270,3,9,1,99,NA,NA,NA,NA,NA,622
43s,ryih9BATl,-14,-36,X,button,VERO,Confus,2017-05-05T09:37:42Z,860401,201.2505055,3,9,1,168,NA,NA,NA,NA,NA,623
43s,ryih9BATl,-1,0,Y,button,VERO,Empathique,2017-05-05T09:37:50Z,868386,180,2,9,1,171,NA,NA,NA,NA,NA,624
43s,ryih9BATl,-40,-7,Y,button,VERO,Insatisfait,2017-05-05T09:42:56Z,1174410,260.0737545,3,9,1,109,NA,NA,NA,NA,NA,625
44s,ryih9BATl,12,18,Y,button,VERO,Amusé,2017-05-09T07:32:51Z,198719,33.69006753,1,9,1,25,NA,NA,NA,NA,NA,675
44s,ryih9BATl,-2,-11,Y,button,VERO,Confus,2017-05-09T07:37:57Z,504917,190.3048465,3,9,1,179,NA,NA,NA,NA,NA,676
44s,ryih9BATl,5,-53,Y,button,VERO,Confus,2017-05-09T07:44:04Z,872310,174.6106882,2,9,1,166,NA,NA,NA,NA,NA,677
44s,ryih9BATl,17,10,Y,button,VERO,Amusé,2017-05-09T07:48:28Z,1135970,59.53445508,1,9,1,51,NA,NA,NA,NA,NA,678
45s,ryih9BATl,28,0,X,button,VERO,Empathique,2017-05-09T08:28:00Z,43001,180,2,9,1,171,NA,NA,NA,NA,NA,679
45s,ryih9BATl,35,0,X,button,VERO,Confus,2017-05-09T08:32:41Z,324663,180,2,9,1,171,NA,NA,NA,NA,NA,680
45s,ryih9BATl,35,24,Y,button,VERO,Concentré,2017-05-09T08:32:48Z,331751,55.56101069,1,9,1,47,NA,NA,NA,NA,NA,681
45s,ryih9BATl,-69,24,X,button,VERO,Frustré,2017-05-09T08:37:46Z,629921,289.179008,4,9,1,80,NA,NA,NA,NA,NA,682
45s,ryih9BATl,28,24,X,button,VERO,Amusé,2017-05-09T08:43:01Z,944940,49.39870535,1,9,1,40,NA,NA,NA,NA,NA,683
46s,ryih9BATl,86,83,Y,button,VERO,Amusé,2017-05-09T09:50:22Z,47890,46.01697803,1,9,1,37,NA,NA,NA,NA,NA,684
46s,ryih9BATl,86,83,Y,button,VERO,Ravi,2017-05-09T09:53:36Z,241272,46.01697803,1,9,1,37,NA,NA,NA,NA,NA,685
46s,ryih9BATl,36,-18,Y,button,VERO,Surpris,2017-05-09T09:58:28Z,533350,116.5650512,2,9,1,108,NA,NA,NA,NA,NA,686
46s,ryih9BATl,-4,-18,X,button,VERO,Confus,2017-05-09T09:59:20Z,585419,192.5288077,3,9,1,176,NA,NA,NA,NA,NA,687
46s,ryih9BATl,-24,-19,X,button,VERO,Stressé,2017-05-09T10:04:05Z,870848,231.6325146,3,9,1,137,NA,NA,NA,NA,NA,688
46s,ryih9BATl,-24,12,Y,button,VERO,Frustré,2017-05-09T10:04:19Z,884253,296.5650512,4,9,1,72,NA,NA,NA,NA,NA,689
46s,ryih9BATl,-10,12,X,button,VERO,Enervé,2017-05-09T10:06:02Z,987509,320.1944289,4,9,1,49,NA,NA,NA,NA,NA,690
46s,ryih9BATl,-40,12,X,button,VERO,Insatisfait,2017-05-09T10:06:12Z,997884,286.6992442,4,9,1,82,NA,NA,NA,NA,NA,691
46s,ryih9BATl,-40,-62,Y,button,VERO,Confus,2017-05-09T10:06:22Z,1007531,212.8285418,3,9,1,156,NA,NA,NA,NA,NA,692
6b,Hk-eh4A6l,20,70,Y,button,VERO,Confiant,2017-04-24T13:40:54Z,49728,15.9453959,1,9,1,7,NA,NA,NA,NA,NA,59
6b,Hk-eh4A6l,23,42,X,button,VERO,Amusé,2017-04-24T13:42:33Z,148233,28.70595254,1,9,1,20,NA,NA,NA,NA,NA,60
6b,Hk-eh4A6l,-56,-26,Y,button,VERO,Lassé,2017-04-24T13:45:07Z,302580,245.0952312,3,9,1,124,NA,NA,NA,NA,NA,61
6b,Hk-eh4A6l,-62,-37,Y,other,VERO,Confus,2017-04-24T13:46:42Z,397764,239.1723377,3,9,1,130,NA,NA,NA,NA,NA,62
6b,Hk-eh4A6l,-48,-75,Y,button,VERO,Confus,2017-04-24T13:49:17Z,552699,212.6192431,3,9,1,156,NA,NA,NA,NA,NA,63
6b,Hk-eh4A6l,-43,-50,Y,button,VERO,Lassé,2017-04-24T13:50:19Z,614009,220.695531,3,9,1,148,NA,NA,NA,NA,NA,64
6b,Hk-eh4A6l,-81,-78,Y,other,VERO,Frustré,2017-04-24T13:54:35Z,870669,226.0809242,3,9,1,143,NA,NA,NA,NA,NA,65
6b,Hk-eh4A6l,-35,-42,Y,button,VERO,Lassé,2017-04-24T13:54:49Z,884177,219.8055711,3,9,1,149,NA,NA,NA,NA,NA,66
6b,Hk-eh4A6l,17,-42,X,button,VERO,Surpris,2017-04-24T13:57:34Z,1049941,157.9637731,2,9,1,149,NA,NA,NA,NA,NA,67
6b,Hk-eh4A6l,-26,-69,X,button,VERO,Lassé,2017-04-24T13:58:39Z,1114185,200.6469908,3,9,1,168,NA,NA,NA,NA,NA,68
6b,Hk-eh4A6l,-42,-94,Y,other,VERO,Frustré,2017-04-24T13:59:35Z,1170950,204.0754983,3,9,1,165,NA,NA,NA,NA,NA,69
6b,Hk-eh4A6l,-44,-74,X,other,VERO,Insatisfait,2017-04-24T13:59:47Z,1182144,210.7354877,3,9,1,158,NA,NA,NA,NA,NA,70
7b,Hk-eh4A6l,-39,-36,Y,button,VERO,Anxieux,2017-04-25T12:30:22Z,40776,227.29061,3,9,1,142,NA,NA,NA,NA,NA,76
7b,Hk-eh4A6l,-39,-36,Y,button,VERO,Stressé,2017-04-25T12:31:33Z,111558,227.29061,3,9,1,142,NA,NA,NA,NA,NA,77
7b,Hk-eh4A6l,-65,17,Y,button,VERO,Insatisfait,2017-04-25T12:32:23Z,161467,284.6567511,4,9,1,84,NA,NA,NA,NA,NA,78
7b,Hk-eh4A6l,-65,-13,Y,other,VERO,Confus,2017-04-25T12:33:26Z,223894,258.6900675,3,9,1,110,NA,NA,NA,NA,NA,79
7b,Hk-eh4A6l,-90,-71,X,other,VERO,Insatisfait,2017-04-25T12:34:16Z,273864,231.7304839,3,9,1,137,NA,NA,NA,NA,NA,80
7b,Hk-eh4A6l,-82,-71,X,other,VERO,Confus,2017-04-25T12:35:30Z,348751,229.1122288,3,9,1,140,NA,NA,NA,NA,NA,81
7b,Hk-eh4A6l,-82,-71,X,button,VERO,Stressé,2017-04-25T12:36:22Z,400595,229.1122288,3,9,1,140,NA,NA,NA,NA,NA,82
7b,Hk-eh4A6l,-100,-100,X,button,VERO,Anxieux,2017-04-25T12:37:39Z,477143,225,3,9,1,144,NA,NA,NA,NA,NA,83
7b,Hk-eh4A6l,-100,-100,X,other,VERO,Confus,2017-04-25T12:37:45Z,483456,225,3,9,1,144,NA,NA,NA,NA,NA,84
7b,Hk-eh4A6l,-100,-100,X,other,VERO,Frustré,2017-04-25T12:37:54Z,492215,225,3,9,1,144,NA,NA,NA,NA,NA,85
7b,Hk-eh4A6l,-100,-100,X,other,VERO,Enervé,2017-04-25T12:39:03Z,561464,225,3,9,1,144,NA,NA,NA,NA,NA,86
7b,Hk-eh4A6l,-100,-100,X,other,VERO,Frustré,2017-04-25T12:39:13Z,571251,225,3,9,1,144,NA,NA,NA,NA,NA,87
7b,Hk-eh4A6l,-100,-100,X,button,VERO,Lassé,2017-04-25T12:39:52Z,610516,225,3,9,1,144,NA,NA,NA,NA,NA,88
7b,Hk-eh4A6l,-100,-100,X,other,VERO,Frustré,2017-04-25T12:40:42Z,660619,225,3,9,1,144,NA,NA,NA,NA,NA,89
7b,Hk-eh4A6l,-100,-100,X,button,VERO,Stressé,2017-04-25T12:42:36Z,773867,225,3,9,1,144,NA,NA,NA,NA,NA,90
7b,Hk-eh4A6l,-100,-100,X,button,VERO,Lassé,2017-04-25T12:43:54Z,851872,225,3,9,1,144,NA,NA,NA,NA,NA,91
7b,Hk-eh4A6l,-100,-100,X,other,VERO,Enervé,2017-04-25T12:44:01Z,859779,225,3,9,1,144,NA,NA,NA,NA,NA,92
7b,Hk-eh4A6l,-100,-100,X,other,VERO,Frustré,2017-04-25T12:44:13Z,871181,225,3,9,1,144,NA,NA,NA,NA,NA,93
7b,Hk-eh4A6l,-100,-100,X,button,VERO,Lassé,2017-04-25T12:45:20Z,937846,225,3,9,1,144,NA,NA,NA,NA,NA,94
7b,Hk-eh4A6l,-100,-100,X,button,VERO,Lassé,2017-04-25T12:48:21Z,1119299,225,3,9,1,144,NA,NA,NA,NA,NA,95
7b,Hk-eh4A6l,-100,-100,X,other,VERO,Confus,2017-04-25T12:48:27Z,1125628,225,3,9,1,144,NA,NA,NA,NA,NA,96
7b,Hk-eh4A6l,-100,-100,X,other,VERO,Enervé,2017-04-25T12:49:08Z,1165958,225,3,9,1,144,NA,NA,NA,NA,NA,97
7b,Hk-eh4A6l,-100,-100,X,other,VERO,Confus,2017-04-25T12:49:36Z,1194775,225,3,9,1,144,NA,NA,NA,NA,NA,98
11b,Hk-eh4A6l,28,17,Y,button,VERO,Amusé,2017-04-26T10:52:39Z,21705,58.73626831,1,9,1,50,NA,NA,NA,NA,NA,148
11b,Hk-eh4A6l,28,-17,Y,button,VERO,Surpris,2017-04-26T10:54:47Z,149933,121.2637317,2,9,1,112,NA,NA,NA,NA,NA,149
11b,Hk-eh4A6l,28,48,Y,button,VERO,Confiant,2017-04-26T10:55:47Z,209884,30.25643716,1,9,1,21,NA,NA,NA,NA,NA,150
11b,Hk-eh4A6l,-11,-65,X,button,VERO,Confus,2017-04-26T10:56:55Z,278179,189.6052042,3,9,1,179,NA,NA,NA,NA,NA,151
11b,Hk-eh4A6l,-11,-58,Y,button,VERO,Confus,2017-04-26T10:57:55Z,338227,190.7388971,3,9,1,178,NA,NA,NA,NA,NA,152
11b,Hk-eh4A6l,-56,-46,X,button,VERO,Anxieux,2017-04-26T10:59:12Z,414311,230.5993393,3,9,1,138,NA,NA,NA,NA,NA,153
11b,Hk-eh4A6l,-56,-90,Y,button,VERO,Confus,2017-04-26T11:00:08Z,470601,211.8907918,3,9,1,157,NA,NA,NA,NA,NA,154
11b,Hk-eh4A6l,-5,-90,X,button,VERO,Empathique,2017-04-26T11:01:46Z,569207,183.1798301,3,9,1,174,NA,NA,NA,NA,NA,155
11b,Hk-eh4A6l,-19,-59,Y,other,VERO,Frustré,2017-04-26T11:02:57Z,639933,197.8503183,3,9,1,171,NA,NA,NA,NA,NA,156
11b,Hk-eh4A6l,62,-49,X,other,VERO,Amusé,2017-04-26T11:05:30Z,792766,128.3201139,2,9,1,119,NA,NA,NA,NA,NA,157
11b,Hk-eh4A6l,-100,-81,X,other,VERO,Frustré,2017-04-26T11:06:38Z,860579,230.9925274,3,9,1,138,NA,NA,NA,NA,NA,158
11b,Hk-eh4A6l,-27,-62,X,button,VERO,Confus,2017-04-26T11:08:07Z,949257,203.5323486,3,9,1,165,NA,NA,NA,NA,NA,159
11b,Hk-eh4A6l,-20,-13,Y,button,VERO,Insatisfait,2017-04-26T11:09:41Z,1044120,236.9761324,3,9,1,132,NA,NA,NA,NA,NA,160
11b,Hk-eh4A6l,-4,-17,X,other,VERO,Amusé,2017-04-26T11:11:50Z,1172728,193.2405199,3,9,1,176,NA,NA,NA,NA,NA,161
11b,Hk-eh4A6l,-4,-11,Y,other,VERO,Soulagé,2017-04-26T11:12:07Z,1189419,199.9831065,3,9,1,169,NA,NA,NA,NA,NA,162
12b,Hk-eh4A6l,0,6,Y,button,VERO,Concentré,2017-04-27T07:10:40Z,39527,90,1,9,1,81,NA,NA,NA,NA,NA,163
12b,Hk-eh4A6l,10,6,X,button,VERO,Amusé,2017-04-27T07:11:23Z,81678,59.03624347,1,9,1,50,NA,NA,NA,NA,NA,164
12b,Hk-eh4A6l,10,-10,Y,button,VERO,Surpris,2017-04-27T07:12:27Z,146323,135,2,9,1,126,NA,NA,NA,NA,NA,165
12b,Hk-eh4A6l,10,-22,Y,button,VERO,Surpris,2017-04-27T07:14:54Z,292596,155.5560452,2,9,1,147,NA,NA,NA,NA,NA,166
12b,Hk-eh4A6l,10,-34,Y,button,VERO,Confus,2017-04-27T07:15:50Z,349403,163.6104597,2,9,1,155,NA,NA,NA,NA,NA,167
12b,Hk-eh4A6l,10,-62,Y,button,VERO,Confus,2017-04-27T07:17:24Z,443468,170.837653,2,9,1,162,NA,NA,NA,NA,NA,168
12b,Hk-eh4A6l,10,-25,Y,other,FALSO,perplexe,2017-04-27T07:19:15Z,553535,158.1985905,2,NA,NA,NA,NA,NA,NA,NA,NA,169
12b,Hk-eh4A6l,-16,10,X,button,VERO,Frustré,2017-04-27T07:19:46Z,585360,302.0053832,4,9,1,67,NA,NA,NA,NA,NA,170
12b,Hk-eh4A6l,-35,-51,Y,button,VERO,Confus,2017-04-27T07:22:24Z,743335,214.4608163,3,9,1,155,NA,NA,NA,NA,NA,171
12b,Hk-eh4A6l,-35,-75,Y,button,VERO,Lassé,2017-04-27T07:22:43Z,761582,205.0168935,3,9,1,164,NA,NA,NA,NA,NA,172
12b,Hk-eh4A6l,-59,-75,X,button,VERO,Lassé,2017-04-27T07:24:32Z,870760,218.1909498,3,9,1,151,NA,NA,NA,NA,NA,173
12b,Hk-eh4A6l,-59,-100,Y,button,VERO,Confus,2017-04-27T07:26:19Z,978254,210.5406048,3,9,1,158,NA,NA,NA,NA,NA,174
12b,Hk-eh4A6l,-16,-53,X,button,VERO,Confus,2017-04-27T07:27:52Z,1071384,196.7983718,3,9,1,172,NA,NA,NA,NA,NA,175
12b,Hk-eh4A6l,22,-94,X,button,VERO,Confus,2017-04-27T07:28:36Z,1115290,166.8274466,2,9,1,158,NA,NA,NA,NA,NA,176
12b,Hk-eh4A6l,31,-94,X,button,VERO,Surpris,2017-04-27T07:28:41Z,1119846,161.7481042,2,9,1,153,NA,NA,NA,NA,NA,177
12b,Hk-eh4A6l,66,-94,X,button,VERO,Surpris,2017-04-27T07:29:21Z,1159984,144.9262455,2,9,1,136,NA,NA,NA,NA,NA,178
12b,Hk-eh4A6l,27,-94,X,button,VERO,Confus,2017-04-27T07:29:44Z,1182567,163.9741326,2,9,1,155,NA,NA,NA,NA,NA,179
16b,Hk-eh4A6l,0,-14,Y,button,VERO,Stressé,2017-04-27T15:09:08Z,16166,270,3,9,1,99,NA,NA,NA,NA,NA,200
16b,Hk-eh4A6l,14,18,Y,button,VERO,Intéressé,2017-04-27T15:09:49Z,56652,37.87498365,1,9,1,29,NA,NA,NA,NA,NA,201
16b,Hk-eh4A6l,63,63,Y,button,VERO,Intéressé,2017-04-27T15:11:10Z,138541,45,1,9,1,36,NA,NA,NA,NA,NA,202
16b,Hk-eh4A6l,63,83,Y,other,VERO,Concentré,2017-04-27T15:11:48Z,175739,37.19981212,1,9,1,28,NA,NA,NA,NA,NA,203
16b,Hk-eh4A6l,40,55,Y,other,VERO,Soulagé,2017-04-27T15:13:39Z,286619,36.02737339,1,9,1,27,NA,NA,NA,NA,NA,204
16b,Hk-eh4A6l,40,28,Y,button,VERO,Amusé,2017-04-27T15:14:22Z,329660,55.0079798,1,9,1,46,NA,NA,NA,NA,NA,205
16b,Hk-eh4A6l,-13,-53,X,other,VERO,Frustré,2017-04-27T15:16:43Z,471168,193.7815972,3,9,1,175,NA,NA,NA,NA,NA,206
16b,Hk-eh4A6l,-13,-31,Y,button,VERO,Confus,2017-04-27T15:18:04Z,551648,202.7509763,3,9,1,166,NA,NA,NA,NA,NA,207
16b,Hk-eh4A6l,-13,-9,Y,button,VERO,Insatisfait,2017-04-27T15:18:07Z,554877,235.3048465,3,9,1,134,NA,NA,NA,NA,NA,208
16b,Hk-eh4A6l,18,16,X,button,VERO,Amusé,2017-04-27T15:19:09Z,617492,48.36646066,1,9,1,39,NA,NA,NA,NA,NA,209
16b,Hk-eh4A6l,18,15,Y,button,VERO,Intéressé,2017-04-27T15:19:12Z,620571,50.19442891,1,9,1,41,NA,NA,NA,NA,NA,210
16b,Hk-eh4A6l,7,5,Y,button,VERO,Amusé,2017-04-27T15:20:39Z,706812,54.46232221,1,9,1,45,NA,NA,NA,NA,NA,211
16b,Hk-eh4A6l,7,5,Y,other,FALSO,perplexe,2017-04-27T15:20:48Z,715850,54.46232221,1,NA,NA,NA,NA,NA,NA,NA,NA,212
16b,Hk-eh4A6l,89,37,Y,button,VERO,Concentré,2017-04-27T15:20:57Z,724626,67.42586192,1,9,1,58,NA,NA,NA,NA,NA,213
16b,Hk-eh4A6l,56,20,X,button,VERO,Concentré,2017-04-27T15:22:44Z,832199,70.34617594,1,9,1,61,NA,NA,NA,NA,NA,214
16b,Hk-eh4A6l,-66,-77,X,button,VERO,Lassé,2017-04-27T15:23:24Z,871750,220.6012946,3,9,1,148,NA,NA,NA,NA,NA,215
16b,Hk-eh4A6l,-3,-3,X,other,VERO,Intéressé,2017-04-27T15:24:14Z,922485,225,3,9,1,144,NA,NA,NA,NA,NA,216
16b,Hk-eh4A6l,-3,-43,Y,button,VERO,Confus,2017-04-27T15:24:53Z,961294,183.9909131,3,9,1,175,NA,NA,NA,NA,NA,217
16b,Hk-eh4A6l,2,30,X,button,VERO,Intéressé,2017-04-27T15:25:48Z,1016258,3.814074834,1,9,1,5,NA,NA,NA,NA,NA,218
16b,Hk-eh4A6l,44,25,Y,button,VERO,Amusé,2017-04-27T15:25:56Z,1024410,60.39554925,1,9,1,51,NA,NA,NA,NA,NA,219
16b,Hk-eh4A6l,-100,-100,X,other,VERO,Irrité,2017-04-27T15:28:17Z,1165349,225,3,9,1,144,NA,NA,NA,NA,NA,220
17b,Hk-eh4A6l,-8,29,Y,other,VERO,stressé,2017-04-28T11:22:55Z,43027,344.5778387,4,9,1,24,NA,NA,NA,NA,NA,221
17b,Hk-eh4A6l,18,29,X,button,VERO,Amusé,2017-04-28T11:23:58Z,106408,31.82744658,1,9,1,23,NA,NA,NA,NA,NA,222
17b,Hk-eh4A6l,33,45,Y,button,VERO,Intéressé,2017-04-28T11:25:24Z,191935,36.25383774,1,9,1,27,NA,NA,NA,NA,NA,223
17b,Hk-eh4A6l,62,45,X,button,VERO,Amusé,2017-04-28T11:26:32Z,259917,54.02761295,1,9,1,45,NA,NA,NA,NA,NA,224
17b,Hk-eh4A6l,62,5,Y,button,VERO,Concentré,2017-04-28T11:26:59Z,287574,85.38935068,1,9,1,76,NA,NA,NA,NA,NA,225
17b,Hk-eh4A6l,62,-29,Y,button,VERO,Surpris,2017-04-28T11:27:41Z,329635,115.0674634,2,9,1,106,NA,NA,NA,NA,NA,226
17b,Hk-eh4A6l,-30,-50,X,button,VERO,Confus,2017-04-28T11:30:02Z,470497,210.9637565,3,9,1,158,NA,NA,NA,NA,NA,227
17b,Hk-eh4A6l,-71,-88,X,other,VERO,frustré,2017-04-28T11:31:31Z,559428,218.8972203,3,9,1,150,NA,NA,NA,NA,NA,228
17b,Hk-eh4A6l,-99,-88,X,button,VERO,Lassé,2017-04-28T11:32:36Z,623711,228.3664607,3,9,1,141,NA,NA,NA,NA,NA,229
17b,Hk-eh4A6l,-99,-100,Y,other,FALSO,dépassé,2017-04-28T11:35:18Z,785813,224.7120839,3,NA,NA,NA,NA,NA,NA,NA,NA,230
17b,Hk-eh4A6l,-35,-15,Y,button,VERO,Insatisfait,2017-04-28T11:36:50Z,878289,246.8014095,3,9,1,122,NA,NA,NA,NA,NA,231
17b,Hk-eh4A6l,-35,-62,Y,button,VERO,Anxieux,2017-04-28T11:37:08Z,896289,209.4454287,3,9,1,160,NA,NA,NA,NA,NA,232
17b,Hk-eh4A6l,-4,-62,X,button,VERO,Confus,2017-04-28T11:39:40Z,1047662,183.691386,3,9,1,175,NA,NA,NA,NA,NA,233
17b,Hk-eh4A6l,72,-25,Y,button,VERO,Surpris,2017-04-28T11:41:35Z,1162651,109.1481375,2,9,1,100,NA,NA,NA,NA,NA,234
22b,Hk-eh4A6l,61,46,X,button,VERO,Intéressé,2017-05-01T08:39:49Z,165059,52.98011375,1,9,1,44,NA,NA,NA,NA,NA,302
22b,Hk-eh4A6l,2,40,Y,button,VERO,Confiant,2017-05-01T08:41:51Z,287083,2.862405226,1,9,1,6,NA,NA,NA,NA,NA,303
22b,Hk-eh4A6l,-68,-61,Y,other,VERO,Confus,2017-05-01T08:43:26Z,382186,228.1060271,3,9,1,141,NA,NA,NA,NA,NA,304
22b,Hk-eh4A6l,-92,-92,X,button,VERO,Anxieux,2017-05-01T08:46:28Z,564200,225,3,9,1,144,NA,NA,NA,NA,NA,305
22b,Hk-eh4A6l,-41,-50,Y,other,VERO,Irrité,2017-05-01T08:48:18Z,674386,219.3517526,3,9,1,150,NA,NA,NA,NA,NA,306
22b,Hk-eh4A6l,-61,-50,X,button,VERO,Lassé,2017-05-01T08:51:21Z,857347,230.6594818,3,9,1,138,NA,NA,NA,NA,NA,307
22b,Hk-eh4A6l,-62,-50,X,other,VERO,Confus,2017-05-01T08:52:59Z,955442,231.1155036,3,9,1,138,NA,NA,NA,NA,NA,308
22b,Hk-eh4A6l,-62,-61,Y,other,VERO,Confus,2017-05-01T08:56:37Z,1172911,225.4658091,3,9,1,144,NA,NA,NA,NA,NA,309
22b,Hk-eh4A6l,-62,-64,Y,other,VERO,Irrité,2017-05-01T08:56:51Z,1186971,224.0906196,3,9,1,145,NA,NA,NA,NA,NA,310
22b,Hk-eh4A6l,-62,-70,Y,other,VERO,Soulagé,2017-05-01T08:57:04Z,1200020,221.5317707,3,9,1,147,NA,NA,NA,NA,NA,311
23b,Hk-eh4A6l,25,22,Y,button,VERO,Amusé,2017-05-01T09:54:21Z,25760,48.65222278,1,9,1,40,NA,NA,NA,NA,NA,312
23b,Hk-eh4A6l,26,-64,Y,other,VERO,Confus,2017-05-01T09:59:40Z,344798,157.8905517,2,9,1,149,NA,NA,NA,NA,NA,313
23b,Hk-eh4A6l,26,-86,Y,other,VERO,Frustré,2017-05-01T10:00:37Z,401891,163.1785901,2,9,1,154,NA,NA,NA,NA,NA,314
23b,Hk-eh4A6l,26,-86,Y,button,VERO,Soulagé,2017-05-01T10:02:38Z,522143,163.1785901,2,9,1,154,NA,NA,NA,NA,NA,315
23b,Hk-eh4A6l,38,10,X,other,VERO,Frustré,2017-05-01T10:03:22Z,566501,75.25643716,1,9,1,66,NA,NA,NA,NA,NA,316
23b,Hk-eh4A6l,-91,-89,X,button,VERO,Stressé,2017-05-01T10:04:15Z,619542,225.6365936,3,9,1,143,NA,NA,NA,NA,NA,317
23b,Hk-eh4A6l,-91,-92,Y,other,VERO,Dégoûté,2017-05-01T10:08:18Z,862032,224.6869114,3,9,1,144,NA,NA,NA,NA,NA,318
23b,Hk-eh4A6l,-91,-92,Y,button,VERO,Stressé,2017-05-01T10:08:25Z,869253,224.6869114,3,9,1,144,NA,NA,NA,NA,NA,319
23b,Hk-eh4A6l,-91,-92,Y,button,VERO,Lassé,2017-05-01T10:09:19Z,923621,224.6869114,3,9,1,144,NA,NA,NA,NA,NA,320
23b,Hk-eh4A6l,-91,-92,Y,other,VERO,Amusé,2017-05-01T10:11:07Z,1031565,224.6869114,3,9,1,144,NA,NA,NA,NA,NA,321
23b,Hk-eh4A6l,-91,-92,Y,other,VERO,Dégoûté,2017-05-01T10:13:28Z,1172305,224.6869114,3,9,1,144,NA,NA,NA,NA,NA,322
28b,Hk-eh4A6l,20,15,Y,button,VERO,Intéressé,2017-05-02T12:38:38Z,15387,53.13010235,1,9,1,44,NA,NA,NA,NA,NA,422
28b,Hk-eh4A6l,20,-11,Y,button,VERO,Surpris,2017-05-02T12:40:06Z,103940,118.8107937,2,9,1,110,NA,NA,NA,NA,NA,423
28b,Hk-eh4A6l,20,48,Y,button,VERO,Confiant,2017-05-02T12:41:36Z,193788,22.61986495,1,9,1,14,NA,NA,NA,NA,NA,424
28b,Hk-eh4A6l,56,48,X,button,VERO,Amusé,2017-05-02T12:41:52Z,209327,49.39870535,1,9,1,40,NA,NA,NA,NA,NA,425
28b,Hk-eh4A6l,-30,48,X,button,VERO,Irrité,2017-05-02T12:42:47Z,264454,327.9946168,4,9,1,41,NA,NA,NA,NA,NA,426
28b,Hk-eh4A6l,-1,8,X,button,VERO,Confiant,2017-05-02T12:43:27Z,304945,352.8749837,4,9,1,16,NA,NA,NA,NA,NA,427
28b,Hk-eh4A6l,-24,-46,Y,button,VERO,Confus,2017-05-02T12:44:19Z,356405,207.5528116,3,9,1,161,NA,NA,NA,NA,NA,428
28b,Hk-eh4A6l,-64,-100,X,button,VERO,Lassé,2017-05-02T12:45:35Z,432310,212.6192431,3,9,1,156,NA,NA,NA,NA,NA,429
28b,Hk-eh4A6l,61,88,X,button,VERO,Amusé,2017-05-02T12:47:40Z,557674,34.72899628,1,9,1,26,NA,NA,NA,NA,NA,430
28b,Hk-eh4A6l,61,100,Y,button,VERO,Intéressé,2017-05-02T12:48:03Z,581017,31.38319106,1,9,1,22,NA,NA,NA,NA,NA,431
28b,Hk-eh4A6l,83,100,X,button,VERO,Ravi,2017-05-02T12:48:14Z,591968,39.69267315,1,9,1,31,NA,NA,NA,NA,NA,432
28b,Hk-eh4A6l,14,-100,Y,button,VERO,Empathique,2017-05-02T12:48:50Z,627921,172.0303896,2,9,1,163,NA,NA,NA,NA,NA,433
28b,Hk-eh4A6l,-20,100,X,button,VERO,Confiant,2017-05-02T12:50:53Z,750391,348.6900675,4,9,1,20,NA,NA,NA,NA,NA,434
28b,Hk-eh4A6l,100,100,X,button,VERO,Ravi,2017-05-02T12:51:29Z,786055,45,1,9,1,36,NA,NA,NA,NA,NA,435
28b,Hk-eh4A6l,100,56,Y,button,VERO,Amusé,2017-05-02T12:52:41Z,858430,60.75117366,1,9,1,52,NA,NA,NA,NA,NA,436
28b,Hk-eh4A6l,100,100,Y,button,VERO,Intéressé,2017-05-02T12:53:16Z,893364,45,1,9,1,36,NA,NA,NA,NA,NA,437
28b,Hk-eh4A6l,0,-100,X,button,VERO,Insatisfait,2017-05-02T12:54:13Z,950436,270,3,9,1,99,NA,NA,NA,NA,NA,438
28b,Hk-eh4A6l,0,39,Y,button,VERO,Satisfait,2017-05-02T12:56:16Z,1074023,90,1,9,1,81,NA,NA,NA,NA,NA,439
28b,Hk-eh4A6l,69,39,X,button,VERO,Amusé,2017-05-02T12:57:45Z,1162368,60.524111,1,9,1,52,NA,NA,NA,NA,NA,440
28b,Hk-eh4A6l,69,62,Y,button,VERO,Amusé,2017-05-02T12:58:02Z,1179682,48.05869757,1,9,1,39,NA,NA,NA,NA,NA,441
29b,Hk-eh4A6l,24,19,Y,button,VERO,Intéressé,2017-05-02T14:08:00Z,145200,51.63251462,1,9,1,43,NA,NA,NA,NA,NA,442
29b,Hk-eh4A6l,24,31,Y,button,VERO,Ravi,2017-05-02T14:10:15Z,280517,37.74680539,1,9,1,29,NA,NA,NA,NA,NA,443
29b,Hk-eh4A6l,16,31,X,button,VERO,Intéressé,2017-05-02T14:11:59Z,384859,27.29957221,1,9,1,18,NA,NA,NA,NA,NA,444
29b,Hk-eh4A6l,16,-9,Y,button,VERO,Surpris,2017-05-02T14:14:19Z,525097,119.3577535,2,9,1,110,NA,NA,NA,NA,NA,445
29b,Hk-eh4A6l,10,-9,X,button,VERO,Surpris,2017-05-02T14:15:03Z,568267,131.9872125,2,9,1,123,NA,NA,NA,NA,NA,446
29b,Hk-eh4A6l,-16,-9,X,button,VERO,Insatisfait,2017-05-02T14:15:34Z,599368,240.6422465,3,9,1,128,NA,NA,NA,NA,NA,447
29b,Hk-eh4A6l,26,-4,Y,button,VERO,Concentré,2017-05-02T14:17:46Z,731974,98.74616226,2,9,1,90,NA,NA,NA,NA,NA,448
29b,Hk-eh4A6l,-31,-4,X,button,VERO,Insatisfait,2017-05-02T14:19:48Z,853157,262.6476206,3,9,1,106,NA,NA,NA,NA,NA,449
29b,Hk-eh4A6l,-31,-17,Y,button,VERO,Lassé,2017-05-02T14:21:21Z,946490,241.2602047,3,9,1,128,NA,NA,NA,NA,NA,450
29b,Hk-eh4A6l,-38,-17,X,button,VERO,Lassé,2017-05-02T14:22:54Z,1039762,245.8977655,3,9,1,123,NA,NA,NA,NA,NA,451
29b,Hk-eh4A6l,-38,-10,Y,button,VERO,Frustré,2017-05-02T14:23:04Z,1049528,255.2564372,3,9,1,114,NA,NA,NA,NA,NA,452
29b,Hk-eh4A6l,-5,-3,Y,button,VERO,Insatisfait,2017-05-02T14:24:30Z,1135531,239.0362435,3,9,1,130,NA,NA,NA,NA,NA,453
29b,Hk-eh4A6l,45,27,Y,button,VERO,Amusé,2017-05-02T14:25:31Z,1196159,59.03624347,1,9,1,50,NA,NA,NA,NA,NA,454
30b,Hk-eh4A6l,100,0,X,button,VERO,Soulagé,2017-05-03T06:48:37Z,37997,180,2,9,1,171,NA,NA,NA,NA,NA,475
30b,Hk-eh4A6l,100,97,Y,button,VERO,Intéressé,2017-05-03T06:48:43Z,44281,45.87245712,1,9,1,37,NA,NA,NA,NA,NA,476
30b,Hk-eh4A6l,100,100,Y,button,VERO,Amusé,2017-05-03T06:49:46Z,107141,45,1,9,1,36,NA,NA,NA,NA,NA,477
30b,Hk-eh4A6l,77,100,X,button,VERO,Ravi,2017-05-03T06:49:51Z,112054,37.59627115,1,9,1,29,NA,NA,NA,NA,NA,478
30b,Hk-eh4A6l,40,100,X,button,VERO,Confiant,2017-05-03T06:50:03Z,124248,21.80140949,1,9,1,13,NA,NA,NA,NA,NA,479
30b,Hk-eh4A6l,40,98,Y,button,VERO,Confiant,2017-05-03T06:50:14Z,135549,22.20347853,1,9,1,13,NA,NA,NA,NA,NA,480
30b,Hk-eh4A6l,93,98,X,button,VERO,Ravi,2017-05-03T06:50:20Z,140765,43.50045296,1,9,1,35,NA,NA,NA,NA,NA,481
30b,Hk-eh4A6l,86,-43,Y,button,VERO,Surpris,2017-05-03T06:51:37Z,218627,116.5650512,2,9,1,108,NA,NA,NA,NA,NA,482
30b,Hk-eh4A6l,3,-43,X,button,VERO,Empathique,2017-05-03T06:52:21Z,261914,176.0090869,2,9,1,167,NA,NA,NA,NA,NA,483
30b,Hk-eh4A6l,3,73,Y,button,VERO,Intéressé,2017-05-03T06:52:25Z,266217,2.353296866,1,9,1,7,NA,NA,NA,NA,NA,484
30b,Hk-eh4A6l,3,-22,Y,button,VERO,Confus,2017-05-03T06:52:54Z,295195,172.234834,2,9,1,163,NA,NA,NA,NA,NA,485
30b,Hk-eh4A6l,69,-22,X,button,VERO,Concentré,2017-05-03T06:53:14Z,315589,107.684392,2,9,1,99,NA,NA,NA,NA,NA,486
30b,Hk-eh4A6l,69,73,Y,button,VERO,Intéressé,2017-05-03T06:53:18Z,319585,43.38646107,1,9,1,34,NA,NA,NA,NA,NA,487
30b,Hk-eh4A6l,29,73,X,button,VERO,Amusé,2017-05-03T06:53:48Z,348951,21.66595872,1,9,1,13,NA,NA,NA,NA,NA,488
30b,Hk-eh4A6l,64,73,X,button,VERO,Intéressé,2017-05-03T06:54:58Z,419159,41.24144431,1,9,1,32,NA,NA,NA,NA,NA,489
30b,Hk-eh4A6l,64,94,Y,button,VERO,Intéressé,2017-05-03T06:55:17Z,438389,34.24903301,1,9,1,25,NA,NA,NA,NA,NA,490
30b,Hk-eh4A6l,64,-52,Y,button,VERO,Surpris,2017-05-03T06:55:23Z,444181,129.0938589,2,9,1,120,NA,NA,NA,NA,NA,491
30b,Hk-eh4A6l,-13,-52,X,button,VERO,Confus,2017-05-03T06:55:34Z,454957,194.0362435,3,9,1,175,NA,NA,NA,NA,NA,492
30b,Hk-eh4A6l,29,30,X,button,VERO,Amusé,2017-05-03T06:57:24Z,565458,44.02897807,1,9,1,35,NA,NA,NA,NA,NA,493
30b,Hk-eh4A6l,29,47,Y,button,VERO,Amusé,2017-05-03T06:57:28Z,569051,31.67546874,1,9,1,23,NA,NA,NA,NA,NA,494
30b,Hk-eh4A6l,-31,-93,X,button,VERO,Lassé,2017-05-03T06:58:18Z,619409,198.4349488,3,9,1,171,NA,NA,NA,NA,NA,495
30b,Hk-eh4A6l,-31,-8,Y,button,VERO,Frustré,2017-05-03T06:58:26Z,627159,255.5297059,3,9,1,113,NA,NA,NA,NA,NA,496
31b,Hk-eh4A6l,82,53,Y,button,VERO,Amusé,2017-05-03T08:21:36Z,39052,57.12373825,1,9,1,48,NA,NA,NA,NA,NA,497
31b,Hk-eh4A6l,47,53,X,button,VERO,Intéressé,2017-05-03T08:24:14Z,197586,41.56636964,1,9,1,33,NA,NA,NA,NA,NA,498
31b,Hk-eh4A6l,-12,53,X,button,VERO,Irrité,2017-05-03T08:25:33Z,276470,347.2424678,4,9,1,22,NA,NA,NA,NA,NA,499
31b,Hk-eh4A6l,-31,-53,Y,button,VERO,Confus,2017-05-03T08:26:32Z,335045,210.3236069,3,9,1,159,NA,NA,NA,NA,NA,500
31b,Hk-eh4A6l,4,-53,X,button,VERO,Soulagé,2017-05-03T08:27:49Z,412587,175.6839725,2,9,1,167,NA,NA,NA,NA,NA,501
31b,Hk-eh4A6l,4,-4,Y,button,VERO,Détendu,2017-05-03T08:28:48Z,471484,135,2,9,1,126,NA,NA,NA,NA,NA,502
31b,Hk-eh4A6l,4,-36,Y,button,VERO,Confus,2017-05-03T08:30:31Z,574270,173.6598083,2,9,1,165,NA,NA,NA,NA,NA,503
31b,Hk-eh4A6l,-33,-79,X,button,VERO,Lassé,2017-05-03T08:34:42Z,825393,202.6713436,3,9,1,166,NA,NA,NA,NA,NA,504
31b,Hk-eh4A6l,-66,-79,X,button,VERO,Lassé,2017-05-03T08:35:15Z,858247,219.8768345,3,9,1,149,NA,NA,NA,NA,NA,505
31b,Hk-eh4A6l,-66,-42,Y,button,VERO,Insatisfait,2017-05-03T08:35:20Z,863417,237.5288077,3,9,1,131,NA,NA,NA,NA,NA,506
31b,Hk-eh4A6l,-34,-73,Y,button,VERO,Lassé,2017-05-03T08:37:00Z,963081,204.9739109,3,9,1,164,NA,NA,NA,NA,NA,507
31b,Hk-eh4A6l,-63,-31,Y,button,VERO,Insatisfait,2017-05-03T08:39:41Z,1124168,243.7998852,3,9,1,125,NA,NA,NA,NA,NA,508
31b,Hk-eh4A6l,-63,-31,Y,button,VERO,Lassé,2017-05-03T08:39:44Z,1127356,243.7998852,3,9,1,125,NA,NA,NA,NA,NA,509
31b,Hk-eh4A6l,25,18,X,button,VERO,Amusé,2017-05-03T08:40:22Z,1165134,54.24611275,1,9,1,45,NA,NA,NA,NA,NA,510
33b,Hk-eh4A6l,90,98,X,button,VERO,Intéressé,2017-05-03T14:17:55Z,110049,42.56335175,1,9,1,34,NA,NA,NA,NA,NA,529
33b,Hk-eh4A6l,90,22,Y,button,VERO,Ravi,2017-05-03T14:20:48Z,283186,76.26373169,1,9,1,67,NA,NA,NA,NA,NA,530
33b,Hk-eh4A6l,54,22,X,button,VERO,Amusé,2017-05-03T14:20:56Z,291010,67.83365418,1,9,1,59,NA,NA,NA,NA,NA,531
33b,Hk-eh4A6l,54,-43,Y,button,VERO,Surpris,2017-05-03T14:21:43Z,337610,128.53018,2,9,1,120,NA,NA,NA,NA,NA,532
33b,Hk-eh4A6l,31,-100,Y,button,VERO,Confus,2017-05-03T14:25:41Z,576461,162.7765638,2,9,1,154,NA,NA,NA,NA,NA,533
33b,Hk-eh4A6l,31,56,Y,button,VERO,Amusé,2017-05-03T14:29:03Z,777991,28.96766065,1,9,1,20,NA,NA,NA,NA,NA,534
33b,Hk-eh4A6l,-46,-11,X,button,VERO,Insatisfait,2017-05-03T14:30:46Z,880811,256.5513849,3,9,1,112,NA,NA,NA,NA,NA,535
33b,Hk-eh4A6l,86,-11,X,button,VERO,Satisfait,2017-05-03T14:31:23Z,918483,97.28895232,2,9,1,88,NA,NA,NA,NA,NA,536
33b,Hk-eh4A6l,-64,-100,X,button,VERO,Anxieux,2017-05-03T14:32:43Z,997825,212.6192431,3,9,1,156,NA,NA,NA,NA,NA,537
33b,Hk-eh4A6l,-15,44,Y,button,VERO,Irrité,2017-05-03T14:35:46Z,1180844,341.17529,4,9,1,28,NA,NA,NA,NA,NA,538
33b,Hk-eh4A6l,32,44,X,button,VERO,Amusé,2017-05-03T14:36:00Z,1194755,36.02737339,1,9,1,27,NA,NA,NA,NA,NA,539
35b,Hk-eh4A6l,41,56,Y,button,VERO,Amusé,2017-05-04T06:14:28Z,42518,36.20945682,1,9,1,27,NA,NA,NA,NA,NA,548
35b,Hk-eh4A6l,53,56,X,other,VERO,Insatisfait,2017-05-04T06:18:19Z,273955,43.42344994,1,9,1,34,NA,NA,NA,NA,NA,549
35b,Hk-eh4A6l,-100,-100,X,other,VERO,Insatisfait,2017-05-04T06:23:15Z,569897,225,3,9,1,144,NA,NA,NA,NA,NA,550
35b,Hk-eh4A6l,-2,1,Y,other,VERO,Intéressé,2017-05-04T06:28:21Z,875798,296.5650512,4,9,1,72,NA,NA,NA,NA,NA,551
35b,Hk-eh4A6l,-2,1,Y,other,VERO,Ravi,2017-05-04T06:33:24Z,1179227,296.5650512,4,9,1,72,NA,NA,NA,NA,NA,552
40b,Hk-eh4A6l,100,0,X,button,VERO,Soulagé,2017-05-05T11:16:46Z,131508,180,2,9,1,171,NA,NA,NA,NA,NA,626
40b,Hk-eh4A6l,100,100,Y,button,VERO,Amusé,2017-05-05T11:16:50Z,135436,45,1,9,1,36,NA,NA,NA,NA,NA,627
40b,Hk-eh4A6l,100,100,Y,other,VERO,Détendu,2017-05-05T11:17:52Z,197419,45,1,9,1,36,NA,NA,NA,NA,NA,628
40b,Hk-eh4A6l,100,-3,Y,button,VERO,Concentré,2017-05-05T11:20:00Z,325831,91.718358,2,9,1,83,NA,NA,NA,NA,NA,629
40b,Hk-eh4A6l,25,-3,X,button,VERO,Satisfait,2017-05-05T11:21:51Z,436876,96.84277341,2,9,1,88,NA,NA,NA,NA,NA,630
40b,Hk-eh4A6l,100,100,X,button,VERO,Amusé,2017-05-05T11:22:02Z,447034,45,1,9,1,36,NA,NA,NA,NA,NA,631
40b,Hk-eh4A6l,100,100,X,other,VERO,Lassé,2017-05-05T11:23:38Z,543779,45,1,9,1,36,NA,NA,NA,NA,NA,632
40b,Hk-eh4A6l,75,100,X,button,VERO,Amusé,2017-05-05T11:24:06Z,571818,36.86989765,1,9,1,28,NA,NA,NA,NA,NA,633
40b,Hk-eh4A6l,75,-55,Y,button,VERO,Surpris,2017-05-05T11:24:16Z,581072,126.2538377,2,9,1,117,NA,NA,NA,NA,NA,634
40b,Hk-eh4A6l,75,100,Y,button,VERO,Intéressé,2017-05-05T11:24:49Z,614323,36.86989765,1,9,1,28,NA,NA,NA,NA,NA,635
40b,Hk-eh4A6l,75,-3,Y,button,VERO,Concentré,2017-05-05T11:24:52Z,617423,92.29061004,2,9,1,83,NA,NA,NA,NA,NA,636
40b,Hk-eh4A6l,98,-3,X,button,VERO,Concentré,2017-05-05T11:24:54Z,619663,91.75340486,2,9,1,83,NA,NA,NA,NA,NA,637
40b,Hk-eh4A6l,98,100,Y,button,VERO,Amusé,2017-05-05T11:27:36Z,781815,44.42127443,1,9,1,35,NA,NA,NA,NA,NA,638
40b,Hk-eh4A6l,10,100,X,button,VERO,Intéressé,2017-05-05T11:27:53Z,798133,5.710593137,1,9,1,3,NA,NA,NA,NA,NA,639
40b,Hk-eh4A6l,-48,100,X,button,VERO,Irrité,2017-05-05T11:28:57Z,861892,334.3589942,4,9,1,35,NA,NA,NA,NA,NA,640
40b,Hk-eh4A6l,52,100,X,button,VERO,Confiant,2017-05-05T11:29:09Z,874113,27.47443163,1,9,1,18,NA,NA,NA,NA,NA,641
40b,Hk-eh4A6l,52,22,Y,button,VERO,Concentré,2017-05-05T11:30:53Z,978695,67.06789956,1,9,1,58,NA,NA,NA,NA,NA,642
40b,Hk-eh4A6l,88,22,X,button,VERO,Ravi,2017-05-05T11:30:58Z,983495,75.96375653,1,9,1,67,NA,NA,NA,NA,NA,643
40b,Hk-eh4A6l,88,100,Y,button,VERO,Ravi,2017-05-05T11:32:44Z,1089780,41.34777722,1,9,1,32,NA,NA,NA,NA,NA,644
40b,Hk-eh4A6l,100,4,Y,button,VERO,Satisfait,2017-05-05T11:34:01Z,1166617,87.70938996,1,9,1,79,NA,NA,NA,NA,NA,645
40b,Hk-eh4A6l,-10,4,X,button,VERO,Frustré,2017-05-05T11:34:09Z,1174240,291.8014095,4,9,1,77,NA,NA,NA,NA,NA,646
42b,Hk-eh4A6l,0,78,Y,button,VERO,Concentré,2017-05-05T14:36:17Z,35465,90,1,9,1,81,NA,NA,NA,NA,NA,647
42b,Hk-eh4A6l,48,78,X,button,VERO,Amusé,2017-05-05T14:36:24Z,42222,31.60750225,1,9,1,23,NA,NA,NA,NA,NA,648
42b,Hk-eh4A6l,100,78,X,button,VERO,Ravi,2017-05-05T14:36:58Z,76395,52.04576912,1,9,1,43,NA,NA,NA,NA,NA,649
42b,Hk-eh4A6l,100,100,Y,button,VERO,Ravi,2017-05-05T14:37:01Z,79425,45,1,9,1,36,NA,NA,NA,NA,NA,650
42b,Hk-eh4A6l,75,-13,Y,button,VERO,Détendu,2017-05-05T14:38:08Z,146517,99.83356396,2,9,1,91,NA,NA,NA,NA,NA,651
42b,Hk-eh4A6l,36,-13,X,button,VERO,Surpris,2017-05-05T14:38:17Z,154945,109.8552144,2,9,1,101,NA,NA,NA,NA,NA,652
42b,Hk-eh4A6l,36,16,Y,button,VERO,Amusé,2017-05-05T14:39:37Z,235661,66.03751103,1,9,1,57,NA,NA,NA,NA,NA,653
42b,Hk-eh4A6l,36,-31,Y,button,VERO,Surpris,2017-05-05T14:40:06Z,264318,130.7321067,2,9,1,122,NA,NA,NA,NA,NA,654
42b,Hk-eh4A6l,-12,-31,X,button,VERO,Confus,2017-05-05T14:40:11Z,269163,201.1612598,3,9,1,168,NA,NA,NA,NA,NA,655
42b,Hk-eh4A6l,7,0,X,button,VERO,Confus,2017-05-05T14:41:24Z,341923,180,2,9,1,171,NA,NA,NA,NA,NA,656
42b,Hk-eh4A6l,7,-1,Y,button,VERO,Concentré,2017-05-05T14:41:39Z,357102,98.13010235,2,9,1,89,NA,NA,NA,NA,NA,657
42b,Hk-eh4A6l,-100,-100,X,button,VERO,Stressé,2017-05-05T14:43:04Z,442007,225,3,9,1,144,NA,NA,NA,NA,NA,658
42b,Hk-eh4A6l,-1,-1,Y,button,VERO,Lassé,2017-05-05T14:44:35Z,533133,225,3,9,1,144,NA,NA,NA,NA,NA,659
42b,Hk-eh4A6l,-1,-100,Y,other,FALSO,frustrée,2017-05-05T14:45:01Z,558966,180.5729387,3,NA,NA,NA,NA,NA,NA,NA,NA,660
42b,Hk-eh4A6l,15,-1,X,button,VERO,Concentré,2017-05-05T14:47:26Z,704491,93.81407483,2,9,1,85,NA,NA,NA,NA,NA,661
42b,Hk-eh4A6l,15,39,Y,button,VERO,Confiant,2017-05-05T14:49:24Z,822318,21.03751103,1,9,1,12,NA,NA,NA,NA,NA,662
42b,Hk-eh4A6l,-100,-100,X,button,VERO,Lassé,2017-05-05T14:49:55Z,852803,225,3,9,1,144,NA,NA,NA,NA,NA,663
42b,Hk-eh4A6l,-100,-16,Y,other,FALSO,agacée,2017-05-05T14:50:06Z,864589,260.9097231,3,NA,NA,NA,NA,NA,NA,NA,NA,664
42b,Hk-eh4A6l,-100,-83,Y,button,VERO,Lassé,2017-05-05T14:50:27Z,884856,230.3073268,3,9,1,139,NA,NA,NA,NA,NA,665
42b,Hk-eh4A6l,0,15,X,button,VERO,Concentré,2017-05-05T14:51:00Z,918219,90,1,9,1,81,NA,NA,NA,NA,NA,666
42b,Hk-eh4A6l,-67,-15,Y,button,VERO,Insatisfait,2017-05-05T14:53:31Z,1069372,257.3806777,3,9,1,112,NA,NA,NA,NA,NA,667
42b,Hk-eh4A6l,-67,-100,Y,button,VERO,Lassé,2017-05-05T14:54:57Z,1154893,213.8220852,3,9,1,155,NA,NA,NA,NA,NA,668
42b,Hk-eh4A6l,-52,-62,Y,other,FALSO,énervée,2017-05-05T14:55:21Z,1179529,219.9868862,3,NA,NA,NA,NA,NA,NA,NA,NA,669
42b,Hk-eh4A6l,-52,-55,Y,other,FALSO,frustrée,2017-05-05T14:55:28Z,1186263,223.393997,3,NA,NA,NA,NA,NA,NA,NA,NA,670
3o,rJOzV8CTe,-47,-22,Y,button,VERO,Lassé,2017-04-24T09:42:02Z,420706,244.916406,3,9,1,124,NA,NA,NA,NA,NA,46
3o,rJOzV8CTe,12,-22,X,button,VERO,Surpris,2017-04-24T09:44:39Z,578020,151.3895403,2,9,1,142,NA,NA,NA,NA,NA,47
3o,rJOzV8CTe,3,-2,Y,button,VERO,Surpris,2017-04-24T09:45:22Z,620205,123.6900675,2,9,1,115,NA,NA,NA,NA,NA,48
3o,rJOzV8CTe,3,-57,Y,button,VERO,Empathique,2017-04-24T09:49:26Z,864556,176.9872125,2,9,1,168,NA,NA,NA,NA,NA,49
3o,rJOzV8CTe,35,-26,X,other,VERO,Ravi,2017-04-24T09:51:51Z,1009084,126.6070748,2,9,1,118,NA,NA,NA,NA,NA,50
3o,rJOzV8CTe,35,19,Y,button,VERO,Amusé,2017-04-24T09:53:21Z,1100015,61.50436138,1,9,1,53,NA,NA,NA,NA,NA,51
3o,rJOzV8CTe,40,19,X,button,VERO,Amusé,2017-04-24T09:54:18Z,1156990,64.59228189,1,9,1,56,NA,NA,NA,NA,NA,52
3o,rJOzV8CTe,49,19,X,button,VERO,Ravi,2017-04-24T09:54:37Z,1175629,68.80594352,1,9,1,60,NA,NA,NA,NA,NA,53
3o,rJOzV8CTe,49,-54,Y,button,VERO,Détendu,2017-04-24T09:54:41Z,1179314,137.7791669,2,9,1,129,NA,NA,NA,NA,NA,54
4o,rJOzV8CTe,0,100,Y,button,VERO,Concentré,2017-04-25T08:36:06Z,168714,90,1,9,1,81,NA,NA,NA,NA,NA,71
4o,rJOzV8CTe,0,29,Y,button,VERO,Concentré,2017-04-25T08:39:04Z,347039,90,1,9,1,81,NA,NA,NA,NA,NA,72
4o,rJOzV8CTe,0,1,Y,button,VERO,Concentré,2017-04-25T08:39:15Z,357813,90,1,9,1,81,NA,NA,NA,NA,NA,73
4o,rJOzV8CTe,0,-14,Y,button,VERO,Insatisfait,2017-04-25T08:47:39Z,862283,270,3,9,1,99,NA,NA,NA,NA,NA,74
4o,rJOzV8CTe,11,-14,X,button,VERO,Surpris,2017-04-25T08:50:27Z,1029621,141.8427734,2,9,1,133,NA,NA,NA,NA,NA,75
11o,rJOzV8CTe,-10,-9,Y,other,FALSO,en doute,2017-04-26T09:24:55Z,483744,228.0127875,3,NA,NA,NA,NA,NA,NA,NA,NA,145
11o,rJOzV8CTe,22,-30,Y,button,VERO,Surpris,2017-04-26T09:28:22Z,690007,143.7461623,2,9,1,135,NA,NA,NA,NA,NA,146
11o,rJOzV8CTe,60,-1,Y,button,VERO,Concentré,2017-04-26T09:33:16Z,984793,90.95484125,2,9,1,82,NA,NA,NA,NA,NA,147
14o,rJOzV8CTe,55,100,X,button,VERO,Amusé,2017-04-27T11:18:40Z,46780,28.81079374,1,9,1,20,NA,NA,NA,NA,NA,193
14o,rJOzV8CTe,100,100,X,button,VERO,Amusé,2017-04-27T11:20:34Z,160856,45,1,9,1,36,NA,NA,NA,NA,NA,194
14o,rJOzV8CTe,10,24,Y,button,VERO,Amusé,2017-04-27T11:25:14Z,440682,22.61986495,1,9,1,14,NA,NA,NA,NA,NA,195
14o,rJOzV8CTe,-42,-12,Y,button,VERO,Frustré,2017-04-27T11:28:53Z,660564,254.0546041,3,9,1,115,NA,NA,NA,NA,NA,196
14o,rJOzV8CTe,-83,-46,X,button,VERO,Lassé,2017-04-27T11:32:11Z,858032,241.0040405,3,9,1,128,NA,NA,NA,NA,NA,197
14o,rJOzV8CTe,-100,-100,Y,button,VERO,Lassé,2017-04-27T11:34:18Z,985043,225,3,9,1,144,NA,NA,NA,NA,NA,198
14o,rJOzV8CTe,-100,-100,Y,other,VERO,Amusé,2017-04-27T11:37:53Z,1200221,225,3,9,1,144,NA,NA,NA,NA,NA,199
20o,rJOzV8CTe,0,22,Y,button,VERO,Concentré,2017-04-28T14:49:51Z,19315,90,1,9,1,81,NA,NA,NA,NA,NA,268
20o,rJOzV8CTe,49,22,X,button,VERO,Amusé,2017-04-28T14:50:05Z,33593,65.82089285,1,9,1,57,NA,NA,NA,NA,NA,269
20o,rJOzV8CTe,78,100,X,button,VERO,Intéressé,2017-04-28T14:50:44Z,72914,37.95423088,1,9,1,29,NA,NA,NA,NA,NA,270
20o,rJOzV8CTe,73,42,Y,button,VERO,Concentré,2017-04-28T14:52:20Z,168033,60.08635401,1,9,1,51,NA,NA,NA,NA,NA,271
20o,rJOzV8CTe,40,42,X,button,VERO,Intéressé,2017-04-28T14:54:39Z,307477,43.60281897,1,9,1,35,NA,NA,NA,NA,NA,272
20o,rJOzV8CTe,-58,-73,X,button,VERO,Stressé,2017-04-28T14:55:50Z,378233,218.4678633,3,9,1,151,NA,NA,NA,NA,NA,273
20o,rJOzV8CTe,-58,-86,Y,button,VERO,Confus,2017-04-28T14:58:09Z,517261,213.9964591,3,9,1,155,NA,NA,NA,NA,NA,274
20o,rJOzV8CTe,49,34,Y,button,VERO,Amusé,2017-04-28T14:59:00Z,568324,55.24408745,1,9,1,46,NA,NA,NA,NA,NA,275
20o,rJOzV8CTe,15,34,X,button,VERO,Confiant,2017-04-28T15:00:06Z,634215,23.80594352,1,9,1,15,NA,NA,NA,NA,NA,276
20o,rJOzV8CTe,-51,34,X,button,VERO,Frustré,2017-04-28T15:03:54Z,862515,303.6900675,4,9,1,65,NA,NA,NA,NA,NA,277
20o,rJOzV8CTe,-51,-14,Y,button,VERO,Insatisfait,2017-04-28T15:04:00Z,868528,254.6498635,3,9,1,114,NA,NA,NA,NA,NA,278
20o,rJOzV8CTe,23,32,Y,button,VERO,Confiant,2017-04-28T15:04:39Z,907636,35.7066914,1,9,1,27,NA,NA,NA,NA,NA,279
20o,rJOzV8CTe,-10,32,X,button,VERO,Irrité,2017-04-28T15:05:12Z,940771,342.6459754,4,9,1,26,NA,NA,NA,NA,NA,280
20o,rJOzV8CTe,-10,-49,Y,button,VERO,Confus,2017-04-28T15:05:43Z,971913,191.5346207,3,9,1,177,NA,NA,NA,NA,NA,281
20o,rJOzV8CTe,-6,-12,Y,button,VERO,Lassé,2017-04-28T15:07:06Z,1054327,206.5650512,3,9,1,162,NA,NA,NA,NA,NA,282
20o,rJOzV8CTe,-98,-12,X,button,VERO,Frustré,2017-04-28T15:08:49Z,1157734,263.0189426,3,9,1,106,NA,NA,NA,NA,NA,283
21o,rJOzV8CTe,-64,-66,Y,other,VERO,Confus,2017-05-01T07:14:22Z,67284,224.118596,3,9,1,145,NA,NA,NA,NA,NA,284
21o,rJOzV8CTe,-64,-66,Y,other,VERO,Concentré,2017-05-01T07:17:15Z,240402,224.118596,3,9,1,145,NA,NA,NA,NA,NA,285
21o,rJOzV8CTe,-64,-66,Y,other,VERO,Satisfait,2017-05-01T07:17:40Z,265100,224.118596,3,9,1,145,NA,NA,NA,NA,NA,286
21o,rJOzV8CTe,0,-9,Y,button,VERO,Frustré,2017-05-01T07:19:01Z,346485,270,3,9,1,99,NA,NA,NA,NA,NA,287
21o,rJOzV8CTe,0,-9,Y,other,VERO,Confus,2017-05-01T07:19:07Z,351609,270,3,9,1,99,NA,NA,NA,NA,NA,288
21o,rJOzV8CTe,0,-9,Y,button,VERO,Insatisfait,2017-05-01T07:21:22Z,487451,270,3,9,1,99,NA,NA,NA,NA,NA,289
21o,rJOzV8CTe,0,-9,Y,button,VERO,Frustré,2017-05-01T07:23:02Z,587497,270,3,9,1,99,NA,NA,NA,NA,NA,290
21o,rJOzV8CTe,0,-9,Y,other,VERO,Surpris,2017-05-01T07:23:15Z,600429,270,3,9,1,99,NA,NA,NA,NA,NA,291
21o,rJOzV8CTe,-100,-100,Y,button,VERO,Stressé,2017-05-01T07:23:40Z,624730,225,3,9,1,144,NA,NA,NA,NA,NA,292
21o,rJOzV8CTe,-100,-100,Y,other,VERO,Confus,2017-05-01T07:23:45Z,630186,225,3,9,1,144,NA,NA,NA,NA,NA,293
21o,rJOzV8CTe,-100,-100,Y,other,VERO,Dégoûté,2017-05-01T07:23:50Z,634762,225,3,9,1,144,NA,NA,NA,NA,NA,294
21o,rJOzV8CTe,-100,-100,Y,other,VERO,Insatisfait,2017-05-01T07:27:42Z,867358,225,3,9,1,144,NA,NA,NA,NA,NA,295
21o,rJOzV8CTe,-100,-100,Y,other,VERO,Stressé,2017-05-01T07:27:51Z,875865,225,3,9,1,144,NA,NA,NA,NA,NA,296
21o,rJOzV8CTe,-100,-100,Y,button,VERO,Lassé,2017-05-01T07:27:55Z,879777,225,3,9,1,144,NA,NA,NA,NA,NA,297
21o,rJOzV8CTe,-100,-100,Y,button,VERO,Anxieux,2017-05-01T07:28:58Z,943180,225,3,9,1,144,NA,NA,NA,NA,NA,298
21o,rJOzV8CTe,-100,-100,Y,other,VERO,Confus,2017-05-01T07:29:13Z,958250,225,3,9,1,144,NA,NA,NA,NA,NA,299
21o,rJOzV8CTe,-100,-100,Y,other,VERO,Frustré,2017-05-01T07:31:53Z,1118128,225,3,9,1,144,NA,NA,NA,NA,NA,300
21o,rJOzV8CTe,-100,-100,Y,other,VERO,Dégoûté,2017-05-01T07:32:51Z,1176472,225,3,9,1,144,NA,NA,NA,NA,NA,301
24o,rJOzV8CTe,-63,-34,Y,button,VERO,Lassé,2017-05-01T12:47:20Z,34912,241.6450382,3,9,1,127,NA,NA,NA,NA,NA,323
24o,rJOzV8CTe,13,2,Y,button,VERO,Concentré,2017-05-01T12:48:28Z,102624,81.25383774,1,9,1,72,NA,NA,NA,NA,NA,324
24o,rJOzV8CTe,8,2,X,other,FALSO,stresse,2017-05-01T12:49:08Z,142295,75.96375653,1,NA,NA,NA,NA,NA,NA,NA,NA,325
24o,rJOzV8CTe,8,-24,Y,other,FALSO,ennuyé,2017-05-01T12:49:24Z,158892,161.5650512,2,NA,NA,NA,NA,NA,NA,NA,NA,326
24o,rJOzV8CTe,8,-8,Y,button,VERO,Soulagé,2017-05-01T12:49:42Z,176806,135,2,9,1,126,NA,NA,NA,NA,NA,327
24o,rJOzV8CTe,31,-8,X,button,VERO,Détendu,2017-05-01T12:49:48Z,182581,104.4702941,2,9,1,95,NA,NA,NA,NA,NA,328
24o,rJOzV8CTe,-50,-51,X,button,VERO,Lassé,2017-05-01T12:50:30Z,224055,224.4327336,3,9,1,145,NA,NA,NA,NA,NA,329
24o,rJOzV8CTe,-63,-33,X,button,VERO,Lassé,2017-05-01T12:50:37Z,231700,242.3540246,3,9,1,127,NA,NA,NA,NA,NA,330
24o,rJOzV8CTe,-63,-9,Y,button,VERO,Insatisfait,2017-05-01T12:50:42Z,236342,261.8698976,3,9,1,107,NA,NA,NA,NA,NA,331
24o,rJOzV8CTe,-63,-17,Y,button,VERO,Insatisfait,2017-05-01T12:51:08Z,262811,254.8989018,3,9,1,114,NA,NA,NA,NA,NA,332
24o,rJOzV8CTe,-30,-17,X,button,VERO,Lassé,2017-05-01T12:51:14Z,268014,240.4612177,3,9,1,129,NA,NA,NA,NA,NA,333
24o,rJOzV8CTe,-30,-33,Y,button,VERO,Lassé,2017-05-01T12:51:36Z,290996,222.273689,3,9,1,147,NA,NA,NA,NA,NA,334
24o,rJOzV8CTe,-68,-33,X,button,VERO,Lassé,2017-05-01T12:51:41Z,295394,244.1129737,3,9,1,125,NA,NA,NA,NA,NA,335
24o,rJOzV8CTe,-55,-33,X,button,VERO,Insatisfait,2017-05-01T12:52:32Z,346572,239.0362435,3,9,1,130,NA,NA,NA,NA,NA,336
24o,rJOzV8CTe,-55,-14,Y,button,VERO,Frustré,2017-05-01T12:52:36Z,350458,255.7189043,3,9,1,113,NA,NA,NA,NA,NA,337
24o,rJOzV8CTe,-55,-23,Y,button,VERO,Insatisfait,2017-05-01T12:53:18Z,392250,247.3062051,3,9,1,122,NA,NA,NA,NA,NA,338
24o,rJOzV8CTe,-25,-23,X,button,VERO,Anxieux,2017-05-01T12:53:21Z,395362,227.385944,3,9,1,142,NA,NA,NA,NA,NA,339
24o,rJOzV8CTe,-1,-23,X,button,VERO,Confus,2017-05-01T12:54:01Z,435902,182.4895529,3,9,1,173,NA,NA,NA,NA,NA,340
24o,rJOzV8CTe,10,7,Y,button,VERO,Concentré,2017-05-01T12:54:11Z,445841,55.0079798,1,9,1,46,NA,NA,NA,NA,NA,341
24o,rJOzV8CTe,10,34,Y,button,VERO,Intéressé,2017-05-01T12:54:51Z,485935,16.38954033,1,9,1,7,NA,NA,NA,NA,NA,342
24o,rJOzV8CTe,17,34,X,button,VERO,Intéressé,2017-05-01T12:54:59Z,494000,26.56505118,1,9,1,18,NA,NA,NA,NA,NA,343
24o,rJOzV8CTe,17,17,Y,button,VERO,Amusé,2017-05-01T12:55:31Z,525023,45,1,9,1,36,NA,NA,NA,NA,NA,344
24o,rJOzV8CTe,21,17,X,button,VERO,Amusé,2017-05-01T12:55:44Z,538560,51.00900596,1,9,1,42,NA,NA,NA,NA,NA,345
24o,rJOzV8CTe,21,17,Y,button,VERO,Amusé,2017-05-01T12:56:00Z,554184,51.00900596,1,9,1,42,NA,NA,NA,NA,NA,346
24o,rJOzV8CTe,26,17,X,button,VERO,Amusé,2017-05-01T12:56:03Z,557296,56.82148834,1,9,1,48,NA,NA,NA,NA,NA,347
24o,rJOzV8CTe,26,40,Y,button,VERO,Intéressé,2017-05-01T12:56:41Z,595904,33.02386756,1,9,1,24,NA,NA,NA,NA,NA,348
24o,rJOzV8CTe,29,40,X,button,VERO,Intéressé,2017-05-01T12:57:16Z,630167,35.94211187,1,9,1,27,NA,NA,NA,NA,NA,349
24o,rJOzV8CTe,56,40,X,button,VERO,Concentré,2017-05-01T12:57:20Z,634167,54.46232221,1,9,1,45,NA,NA,NA,NA,NA,350
24o,rJOzV8CTe,56,21,Y,button,VERO,Concentré,2017-05-01T12:57:30Z,644483,69.44395478,1,9,1,60,NA,NA,NA,NA,NA,351
24o,rJOzV8CTe,29,21,X,button,VERO,Concentré,2017-05-01T12:57:34Z,648231,54.09027692,1,9,1,45,NA,NA,NA,NA,NA,352
24o,rJOzV8CTe,29,-3,Y,button,VERO,Concentré,2017-05-01T12:58:37Z,711937,95.90614111,2,9,1,87,NA,NA,NA,NA,NA,353
24o,rJOzV8CTe,-1,-3,X,button,VERO,Anxieux,2017-05-01T12:58:44Z,718662,198.4349488,3,9,1,171,NA,NA,NA,NA,NA,354
24o,rJOzV8CTe,39,-3,X,button,VERO,Satisfait,2017-05-01T12:59:27Z,761214,94.39870535,2,9,1,85,NA,NA,NA,NA,NA,355
24o,rJOzV8CTe,39,19,Y,button,VERO,Amusé,2017-05-01T12:59:29Z,763146,64.02560604,1,9,1,55,NA,NA,NA,NA,NA,356
24o,rJOzV8CTe,85,19,X,button,VERO,Ravi,2017-05-01T12:59:34Z,768037,77.39984017,1,9,1,68,NA,NA,NA,NA,NA,357
24o,rJOzV8CTe,85,46,Y,button,VERO,Amusé,2017-05-01T12:59:36Z,770566,61.57879078,1,9,1,53,NA,NA,NA,NA,NA,358
24o,rJOzV8CTe,85,-65,Y,button,VERO,Surpris,2017-05-01T13:00:16Z,810079,127.4053566,2,9,1,118,NA,NA,NA,NA,NA,359
24o,rJOzV8CTe,-25,-29,X,button,VERO,Stressé,2017-05-01T13:00:22Z,816633,220.7636052,3,9,1,148,NA,NA,NA,NA,NA,360
24o,rJOzV8CTe,-25,7,Y,button,VERO,Envieux,2017-05-01T13:01:01Z,855239,285.6422465,4,9,1,83,NA,NA,NA,NA,NA,361
24o,rJOzV8CTe,-15,7,X,button,VERO,Dégoûté,2017-05-01T13:01:09Z,863194,295.0168935,4,9,1,74,NA,NA,NA,NA,NA,362
24o,rJOzV8CTe,-15,-13,Y,button,VERO,Lassé,2017-05-01T13:01:20Z,874871,229.0856168,3,9,1,140,NA,NA,NA,NA,NA,363
24o,rJOzV8CTe,-79,-13,X,button,VERO,Insatisfait,2017-05-01T13:01:25Z,879902,260.6553281,3,9,1,108,NA,NA,NA,NA,NA,364
24o,rJOzV8CTe,-79,-21,Y,button,VERO,Frustré,2017-05-01T13:02:25Z,939797,255.1137332,3,9,1,114,NA,NA,NA,NA,NA,365
24o,rJOzV8CTe,25,-21,X,button,VERO,Surpris,2017-05-01T13:02:32Z,946819,130.0302593,2,9,1,121,NA,NA,NA,NA,NA,366
24o,rJOzV8CTe,2,-21,X,button,VERO,Confus,2017-05-01T13:03:06Z,980622,174.559668,2,9,1,166,NA,NA,NA,NA,NA,367
24o,rJOzV8CTe,2,10,Y,button,VERO,Irrité,2017-05-01T13:03:11Z,985395,11.30993247,1,9,1,2,NA,NA,NA,NA,NA,368
24o,rJOzV8CTe,2,69,Y,button,VERO,Intéressé,2017-05-01T13:03:30Z,1004100,1.660282369,1,9,1,7,NA,NA,NA,NA,NA,369
24o,rJOzV8CTe,28,69,X,button,VERO,Amusé,2017-05-01T13:03:33Z,1007586,22.0871716,1,9,1,13,NA,NA,NA,NA,NA,370
24o,rJOzV8CTe,28,42,Y,button,VERO,Amusé,2017-05-01T13:04:04Z,1038838,33.69006753,1,9,1,25,NA,NA,NA,NA,NA,371
24o,rJOzV8CTe,47,42,X,button,VERO,Ravi,2017-05-01T13:04:07Z,1041610,48.21548399,1,9,1,39,NA,NA,NA,NA,NA,372
24o,rJOzV8CTe,47,44,Y,button,VERO,Ravi,2017-05-01T13:04:31Z,1065651,46.88818801,1,9,1,38,NA,NA,NA,NA,NA,373
24o,rJOzV8CTe,58,44,X,button,VERO,Amusé,2017-05-01T13:04:35Z,1069082,52.81529355,1,9,1,44,NA,NA,NA,NA,NA,374
24o,rJOzV8CTe,58,76,Y,button,VERO,Ravi,2017-05-01T13:04:38Z,1072994,37.34934904,1,9,1,28,NA,NA,NA,NA,NA,375
24o,rJOzV8CTe,81,76,X,button,VERO,Amusé,2017-05-01T13:04:41Z,1075530,46.82408983,1,9,1,38,NA,NA,NA,NA,NA,376
24o,rJOzV8CTe,81,6,Y,button,VERO,Satisfait,2017-05-01T13:05:07Z,1101314,85.7636052,1,9,1,77,NA,NA,NA,NA,NA,377
24o,rJOzV8CTe,9,6,X,button,VERO,Ravi,2017-05-01T13:05:12Z,1106521,56.30993247,1,9,1,47,NA,NA,NA,NA,NA,378
24o,rJOzV8CTe,9,-6,X,button,VERO,Satisfait,2017-05-01T13:05:38Z,1132731,123.6900675,2,9,1,115,NA,NA,NA,NA,NA,379
24o,rJOzV8CTe,9,1,Y,button,VERO,Satisfait,2017-05-01T13:05:42Z,1136345,83.65980825,1,9,1,75,NA,NA,NA,NA,NA,380
24o,rJOzV8CTe,9,20,Y,button,VERO,Amusé,2017-05-01T13:05:55Z,1149458,24.22774532,1,9,1,15,NA,NA,NA,NA,NA,381
24o,rJOzV8CTe,29,20,X,button,VERO,Amusé,2017-05-01T13:05:58Z,1152635,55.40771131,1,9,1,46,NA,NA,NA,NA,NA,382
24o,rJOzV8CTe,29,23,Y,button,VERO,Intéressé,2017-05-01T13:06:26Z,1180615,51.58194466,1,9,1,43,NA,NA,NA,NA,NA,383
24o,rJOzV8CTe,4,23,X,button,VERO,Intéressé,2017-05-01T13:06:30Z,1184203,9.865806943,1,9,1,1,NA,NA,NA,NA,NA,384
25o,rJOzV8CTe,100,100,Y,button,VERO,Intéressé,2017-05-01T14:35:56Z,45248,45,1,9,1,36,NA,NA,NA,NA,NA,385
25o,rJOzV8CTe,0,-2,Y,button,VERO,Frustré,2017-05-01T14:40:51Z,340511,270,3,9,1,99,NA,NA,NA,NA,NA,386
25o,rJOzV8CTe,100,100,Y,button,VERO,Ravi,2017-05-01T14:46:01Z,650734,45,1,9,1,36,NA,NA,NA,NA,NA,387
25o,rJOzV8CTe,1,2,Y,button,VERO,Intéressé,2017-05-01T14:52:03Z,1011940,26.56505118,1,9,1,18,NA,NA,NA,NA,NA,388
26o,rJOzV8CTe,2,6,Y,button,VERO,Amusé,2017-05-02T07:16:56Z,125539,18.43494882,1,9,1,9,NA,NA,NA,NA,NA,389
26o,rJOzV8CTe,15,13,Y,button,VERO,Intéressé,2017-05-02T07:18:24Z,213618,49.08561678,1,9,1,40,NA,NA,NA,NA,NA,390
26o,rJOzV8CTe,18,15,X,button,VERO,Intéressé,2017-05-02T07:19:28Z,278162,50.19442891,1,9,1,41,NA,NA,NA,NA,NA,391
26o,rJOzV8CTe,18,-8,Y,button,VERO,Surpris,2017-05-02T07:20:24Z,334216,113.962489,2,9,1,105,NA,NA,NA,NA,NA,392
26o,rJOzV8CTe,17,-3,Y,button,VERO,Concentré,2017-05-02T07:22:20Z,450069,100.0079798,2,9,1,91,NA,NA,NA,NA,NA,393
26o,rJOzV8CTe,19,-3,X,button,VERO,Concentré,2017-05-02T07:24:01Z,551262,98.97262661,2,9,1,90,NA,NA,NA,NA,NA,394
26o,rJOzV8CTe,19,15,Y,button,VERO,Intéressé,2017-05-02T07:24:43Z,592700,51.70983681,1,9,1,43,NA,NA,NA,NA,NA,395
26o,rJOzV8CTe,19,40,Y,other,VERO,Frustré,2017-05-02T07:29:22Z,871841,25.40771811,1,9,1,16,NA,NA,NA,NA,NA,396
26o,rJOzV8CTe,0,40,X,button,VERO,Concentré,2017-05-02T07:29:42Z,892174,90,1,9,1,81,NA,NA,NA,NA,NA,397
26o,rJOzV8CTe,0,-7,Y,button,VERO,Insatisfait,2017-05-02T07:29:53Z,903031,270,3,9,1,99,NA,NA,NA,NA,NA,398
26o,rJOzV8CTe,1,8,Y,button,VERO,Intéressé,2017-05-02T07:33:05Z,1094572,7.125016349,1,9,1,2,NA,NA,NA,NA,NA,399
26o,rJOzV8CTe,1,3,Y,button,VERO,Amusé,2017-05-02T07:34:18Z,1168131,18.43494882,1,9,1,9,NA,NA,NA,NA,NA,400
26o,rJOzV8CTe,5,3,X,button,VERO,Concentré,2017-05-02T07:34:24Z,1173826,59.03624347,1,9,1,50,NA,NA,NA,NA,NA,401
27o,rJOzV8CTe,0,100,Y,button,VERO,Concentré,2017-05-02T08:32:17Z,36932,90,1,9,1,81,NA,NA,NA,NA,NA,402
27o,rJOzV8CTe,100,100,X,button,VERO,Intéressé,2017-05-02T08:33:09Z,88763,45,1,9,1,36,NA,NA,NA,NA,NA,403
27o,rJOzV8CTe,16,-8,Y,button,VERO,Surpris,2017-05-02T08:34:56Z,196114,116.5650512,2,9,1,108,NA,NA,NA,NA,NA,404
27o,rJOzV8CTe,16,-8,Y,other,VERO,Confiant,2017-05-02T08:35:37Z,237308,116.5650512,2,9,1,108,NA,NA,NA,NA,NA,405
27o,rJOzV8CTe,16,-8,Y,other,VERO,Amusé,2017-05-02T08:36:08Z,267667,116.5650512,2,9,1,108,NA,NA,NA,NA,NA,406
27o,rJOzV8CTe,16,-8,Y,button,VERO,Surpris,2017-05-02T08:36:58Z,318406,116.5650512,2,9,1,108,NA,NA,NA,NA,NA,407
27o,rJOzV8CTe,4,-96,X,other,VERO,Concentré,2017-05-02T08:38:38Z,418428,177.614056,2,9,1,169,NA,NA,NA,NA,NA,408
27o,rJOzV8CTe,4,-96,X,other,VERO,Amusé,2017-05-02T08:40:38Z,538185,177.614056,2,9,1,169,NA,NA,NA,NA,NA,409
27o,rJOzV8CTe,4,-96,X,button,VERO,Confus,2017-05-02T08:41:13Z,573092,177.614056,2,9,1,169,NA,NA,NA,NA,NA,410
27o,rJOzV8CTe,100,100,Y,button,VERO,Amusé,2017-05-02T08:42:54Z,673547,45,1,9,1,36,NA,NA,NA,NA,NA,411
27o,rJOzV8CTe,-100,-100,Y,button,VERO,Lassé,2017-05-02T08:43:19Z,699427,225,3,9,1,144,NA,NA,NA,NA,NA,412
27o,rJOzV8CTe,100,100,X,button,VERO,Amusé,2017-05-02T08:45:05Z,804953,45,1,9,1,36,NA,NA,NA,NA,NA,413
27o,rJOzV8CTe,100,100,X,button,VERO,Amusé,2017-05-02T08:45:52Z,851764,45,1,9,1,36,NA,NA,NA,NA,NA,414
27o,rJOzV8CTe,100,100,X,button,VERO,Intéressé,2017-05-02T08:45:55Z,855359,45,1,9,1,36,NA,NA,NA,NA,NA,415
27o,rJOzV8CTe,100,100,X,other,VERO,Surpris,2017-05-02T08:46:16Z,876272,45,1,9,1,36,NA,NA,NA,NA,NA,416
27o,rJOzV8CTe,100,100,X,button,VERO,Intéressé,2017-05-02T08:47:12Z,932414,45,1,9,1,36,NA,NA,NA,NA,NA,417
27o,rJOzV8CTe,100,100,X,button,VERO,Amusé,2017-05-02T08:48:00Z,979710,45,1,9,1,36,NA,NA,NA,NA,NA,418
27o,rJOzV8CTe,100,100,X,button,VERO,Intéressé,2017-05-02T08:50:33Z,1133237,45,1,9,1,36,NA,NA,NA,NA,NA,419
27o,rJOzV8CTe,100,85,X,button,VERO,Intéressé,2017-05-02T08:50:53Z,1153331,49.63546343,1,9,1,41,NA,NA,NA,NA,NA,420
27o,rJOzV8CTe,100,85,X,button,VERO,Amusé,2017-05-02T08:51:25Z,1184995,49.63546343,1,9,1,41,NA,NA,NA,NA,NA,421
37o,rJOzV8CTe,50,-71,Y,button,VERO,Surpris,2017-05-04T11:42:25Z,15329,144.8458224,2,9,1,136,NA,NA,NA,NA,NA,569
37o,rJOzV8CTe,66,35,Y,button,VERO,Concentré,2017-05-04T11:43:45Z,95374,62.06285717,1,9,1,53,NA,NA,NA,NA,NA,570
37o,rJOzV8CTe,-14,-90,X,button,VERO,Anxieux,2017-05-04T11:45:32Z,202283,188.8418146,3,9,1,180,NA,NA,NA,NA,NA,571
37o,rJOzV8CTe,70,-2,Y,button,VERO,Satisfait,2017-05-04T11:46:43Z,273027,91.63657704,2,9,1,83,NA,NA,NA,NA,NA,572
37o,rJOzV8CTe,-70,-2,X,button,VERO,Frustré,2017-05-04T11:48:08Z,358279,268.363423,3,9,1,101,NA,NA,NA,NA,NA,573
37o,rJOzV8CTe,-20,-22,X,other,VERO,Surpris,2017-05-04T11:49:14Z,423981,222.273689,3,9,1,147,NA,NA,NA,NA,NA,574
37o,rJOzV8CTe,-100,-22,X,button,VERO,Insatisfait,2017-05-04T11:49:49Z,459277,257.5925815,3,9,1,111,NA,NA,NA,NA,NA,575
37o,rJOzV8CTe,-100,-83,Y,button,VERO,Anxieux,2017-05-04T11:49:53Z,462525,230.3073268,3,9,1,139,NA,NA,NA,NA,NA,576
37o,rJOzV8CTe,-46,-83,X,button,VERO,Lassé,2017-05-04T11:51:37Z,567301,208.9959595,3,9,1,160,NA,NA,NA,NA,NA,577
37o,rJOzV8CTe,20,-32,X,button,VERO,Surpris,2017-05-04T11:52:31Z,621024,147.9946168,2,9,1,139,NA,NA,NA,NA,NA,578
37o,rJOzV8CTe,24,4,Y,button,VERO,Concentré,2017-05-04T11:56:14Z,844406,80.53767779,1,9,1,72,NA,NA,NA,NA,NA,579
37o,rJOzV8CTe,85,4,X,button,VERO,Ravi,2017-05-04T11:56:38Z,868475,87.30571571,1,9,1,78,NA,NA,NA,NA,NA,580
37o,rJOzV8CTe,85,63,Y,button,VERO,Intéressé,2017-05-04T11:56:53Z,883004,53.45502768,1,9,1,44,NA,NA,NA,NA,NA,581
37o,rJOzV8CTe,85,-21,Y,button,VERO,Concentré,2017-05-04T11:57:48Z,937781,103.8775298,2,9,1,95,NA,NA,NA,NA,NA,582
37o,rJOzV8CTe,12,-66,X,button,VERO,Confus,2017-05-04T11:59:04Z,1013779,169.6951535,2,9,1,161,NA,NA,NA,NA,NA,583
37o,rJOzV8CTe,28,15,X,button,VERO,Amusé,2017-05-04T12:01:09Z,1139096,61.82140989,1,9,1,53,NA,NA,NA,NA,NA,584
37o,rJOzV8CTe,-74,-1,Y,button,VERO,Insatisfait,2017-05-04T12:01:40Z,1169958,269.2257798,3,9,1,100,NA,NA,NA,NA,NA,585
37o,rJOzV8CTe,-74,-100,Y,button,VERO,Lassé,2017-05-04T12:01:47Z,1176967,216.5014411,3,9,1,152,NA,NA,NA,NA,NA,586
38o,rJOzV8CTe,99,0,X,other,VERO,Détendu,2017-05-04T15:13:31Z,74308,180,2,9,1,171,NA,NA,NA,NA,NA,587
38o,rJOzV8CTe,99,98,Y,other,VERO,Amusé,2017-05-04T15:15:54Z,217168,45.29083902,1,9,1,36,NA,NA,NA,NA,NA,588
38o,rJOzV8CTe,0,98,X,button,VERO,Concentré,2017-05-04T15:17:53Z,335519,90,1,9,1,81,NA,NA,NA,NA,NA,589
38o,rJOzV8CTe,0,3,Y,other,VERO,Frustré,2017-05-04T15:19:19Z,421495,90,1,9,1,81,NA,NA,NA,NA,NA,590
38o,rJOzV8CTe,-23,3,X,button,VERO,Frustré,2017-05-04T15:22:39Z,621793,277.431408,4,9,1,92,NA,NA,NA,NA,NA,591
38o,rJOzV8CTe,-23,-15,Y,button,VERO,Lassé,2017-05-04T15:22:53Z,635790,236.888658,3,9,1,132,NA,NA,NA,NA,NA,592
38o,rJOzV8CTe,-23,-56,Y,button,VERO,Anxieux,2017-05-04T15:27:04Z,886937,202.3286564,3,9,1,167,NA,NA,NA,NA,NA,593
38o,rJOzV8CTe,-54,-56,X,button,VERO,Anxieux,2017-05-04T15:27:12Z,895280,223.9583733,3,9,1,145,NA,NA,NA,NA,NA,594
38o,rJOzV8CTe,-47,-56,X,other,VERO,Surpris,2017-05-04T15:28:05Z,947802,220.006256,3,9,1,149,NA,NA,NA,NA,NA,595
38o,rJOzV8CTe,-47,-67,Y,button,VERO,Anxieux,2017-05-04T15:28:12Z,954879,215.0493733,3,9,1,154,NA,NA,NA,NA,NA,596
38o,rJOzV8CTe,-39,-67,X,other,VERO,Amusé,2017-05-04T15:29:21Z,1024247,210.2032378,3,9,1,159,NA,NA,NA,NA,NA,597
38o,rJOzV8CTe,-39,26,Y,button,VERO,Dégoûté,2017-05-04T15:31:55Z,1177962,303.6900675,4,9,1,65,NA,NA,NA,NA,NA,598
38o,rJOzV8CTe,-53,26,X,button,VERO,Frustré,2017-05-04T15:32:05Z,1187370,296.1310005,4,9,1,73,NA,NA,NA,NA,NA,599
39o,rJOzV8CTe,-25,0,X,button,VERO,Confus,2017-05-05T07:24:55Z,48280,180,2,9,1,171,NA,NA,NA,NA,NA,600
39o,rJOzV8CTe,23,-7,Y,button,VERO,Concentré,2017-05-05T07:26:36Z,149686,106.9275131,2,9,1,98,NA,NA,NA,NA,NA,601
39o,rJOzV8CTe,23,21,Y,button,VERO,Intéressé,2017-05-05T07:27:39Z,212297,47.6025622,1,9,1,39,NA,NA,NA,NA,NA,602
39o,rJOzV8CTe,86,35,Y,button,VERO,Concentré,2017-05-05T07:28:34Z,268095,67.85481996,1,9,1,59,NA,NA,NA,NA,NA,603
39o,rJOzV8CTe,-10,-100,Y,button,VERO,Confus,2017-05-05T07:29:39Z,332709,185.7105931,3,9,1,177,NA,NA,NA,NA,NA,604
39o,rJOzV8CTe,-84,-100,X,button,VERO,Stressé,2017-05-05T07:32:23Z,496450,220.0302593,3,9,1,149,NA,NA,NA,NA,NA,605
39o,rJOzV8CTe,29,76,X,button,VERO,Amusé,2017-05-05T07:33:06Z,540242,20.88580146,1,9,1,12,NA,NA,NA,NA,NA,606
39o,rJOzV8CTe,100,76,X,button,VERO,Amusé,2017-05-05T07:33:17Z,550793,52.76516602,1,9,1,44,NA,NA,NA,NA,NA,607
39o,rJOzV8CTe,100,60,Y,button,VERO,Amusé,2017-05-05T07:33:46Z,579582,59.03624347,1,9,1,50,NA,NA,NA,NA,NA,608
39o,rJOzV8CTe,-100,-4,Y,button,VERO,Stressé,2017-05-05T07:34:26Z,619334,267.70939,3,9,1,101,NA,NA,NA,NA,NA,609
39o,rJOzV8CTe,-100,-50,Y,button,VERO,Lassé,2017-05-05T07:34:35Z,628879,243.4349488,3,9,1,126,NA,NA,NA,NA,NA,610
39o,rJOzV8CTe,-4,0,X,other,VERO,Amusé,2017-05-05T07:35:59Z,712995,180,2,9,1,171,NA,NA,NA,NA,NA,611
39o,rJOzV8CTe,-4,-2,Y,other,VERO,Amusé,2017-05-05T07:38:36Z,869538,243.4349488,3,9,1,126,NA,NA,NA,NA,NA,612
39o,rJOzV8CTe,0,5,Y,button,VERO,Concentré,2017-05-05T07:39:42Z,935495,90,1,9,1,81,NA,NA,NA,NA,NA,613
39o,rJOzV8CTe,0,5,Y,button,VERO,Concentré,2017-05-05T07:40:05Z,958645,90,1,9,1,81,NA,NA,NA,NA,NA,614
39o,rJOzV8CTe,0,10,Y,button,VERO,Concentré,2017-05-05T07:41:26Z,1039548,90,1,9,1,81,NA,NA,NA,NA,NA,615
39o,rJOzV8CTe,3,10,X,button,VERO,Intéressé,2017-05-05T07:42:24Z,1097986,16.69924423,1,9,1,8,NA,NA,NA,NA,NA,616
39o,rJOzV8CTe,52,4,X,other,VERO,Amusé,2017-05-05T07:43:47Z,1180899,85.60129465,1,9,1,77,NA,NA,NA,NA,NA,617
41o,rJOzV8CTe,7,69,Y,button,VERO,Intéressé,2017-05-05T16:18:39Z,604129,5.792796495,1,9,1,3,NA,NA,NA,NA,NA,671
41o,rJOzV8CTe,58,69,X,button,VERO,Ravi,2017-05-05T16:22:47Z,851907,40.04972777,1,9,1,31,NA,NA,NA,NA,NA,672
41o,rJOzV8CTe,58,64,Y,button,VERO,Amusé,2017-05-05T16:23:36Z,900932,42.18444332,1,9,1,33,NA,NA,NA,NA,NA,673
41o,rJOzV8CTe,62,64,X,button,VERO,Intéressé,2017-05-05T16:27:59Z,1164219,44.09061955,1,9,1,35,NA,NA,NA,NA,NA,674
