participant,group,experiment,x,y,lastDimension,click,listed,label,time,elapsedTime,observedRadialAngle,observedRadialQuadrant,expectedRadialAngle,expectedRadialQuadrant,radialDistance,expectedDimensionX,expectedDimensionY,vectorDistance,observedVectorQuadrant,expectedVectorQuadrant,numOnline,_id,datetime,abstime
R479E,Class 1,BJVwwrM5X,-61,100,Y,button,TRUE,Enervé,2018-11-05T15:40:12Z,12177,328.6168089,4,333,4,4,NA,NA,NA,NA,NA,1,182,2018-11-05T15:40:12Z,2019-11-04
R479E,Class 1,BJVwwrM5X,-100,-100,Y,other,TRUE,Enervé,2018-11-05T16:15:34Z,15338,225,3,NA,NA,NA,NA,NA,NA,NA,NA,1,183,2018-11-05T16:15:34Z,2019-11-04
OIA81,Class 1,BJVwwrM5X,0,0,X,button,TRUE,Confiant,2018-11-06T10:47:59Z,28230,NA,NA,9,1,NA,NA,NA,NA,NA,NA,1,184,2018-11-06T10:47:59Z,2019-11-05
OIA81,Class 1,BJVwwrM5X,0,100,Y,other,TRUE,Détendu,2018-11-06T10:48:40Z,68759,90,1,117,2,27,NA,NA,NA,NA,NA,1,185,2018-11-06T10:48:40Z,2019-11-05
Z0KOY,Class 1,BJVwwrM5X,-16,19,X,other,FALSE,Blasé,2018-11-07T09:25:10Z,80279,319.8990925,4,NA,NA,NA,NA,NA,NA,NA,NA,2,186,2018-11-07T09:25:10Z,2019-11-06
OIA81,Class 1,BJVwwrM5X,-1,0,X,other,TRUE,Concentré,2018-11-07T10:00:27Z,17478,180,2,81,1,99,NA,NA,NA,NA,NA,2,187,2018-11-07T10:00:27Z,2019-11-06
OIA81,Class 1,BJVwwrM5X,-27,0,X,other,TRUE,Anxieux,2018-11-07T10:00:57Z,47619,180,2,207,3,27,NA,NA,NA,NA,NA,2,188,2018-11-07T10:00:57Z,2019-11-06
OIA81,Class 1,BJVwwrM5X,-26,9,X,other,TRUE,Confiant,2018-11-07T10:02:17Z,127759,289.093492,4,9,1,80,NA,NA,NA,NA,NA,2,189,2018-11-07T10:02:17Z,2019-11-06
Z0KOY,Class 1,BJVwwrM5X,0,55,Y,other,FALSE,Neutre,2018-11-07T10:50:02Z,5172904,90,1,NA,NA,NA,NA,NA,NA,NA,NA,1,190,2018-11-07T10:50:02Z,2019-11-06
Z0KOY,Class 1,BJVwwrM5X,0,54,Y,button,TRUE,Satisfait,2018-11-07T12:12:04Z,10094692,90,1,99,2,9,NA,NA,NA,NA,NA,1,191,2018-11-07T12:12:04Z,2019-11-06
OIA81,Class 1,BJVwwrM5X,94,0,X,button,TRUE,Soulagé,2018-11-07T15:51:28Z,9405,180,2,153,2,27,NA,NA,NA,NA,NA,1,192,2018-11-07T15:51:28Z,2019-11-06
OIA81,Class 1,BJVwwrM5X,94,0,X,other,TRUE,Satisfait,2018-11-07T15:52:08Z,48996,180,2,99,2,81,NA,NA,NA,NA,NA,1,193,2018-11-07T15:52:08Z,2019-11-06
OIA81,Class 1,BJVwwrM5X,-38,0,X,other,FALSE,Impatient,2018-11-07T22:00:01Z,160632,180,2,NA,NA,NA,NA,NA,NA,NA,NA,1,194,2018-11-07T22:00:01Z,2019-11-06
OIA81,Class 1,BJVwwrM5X,-38,22,Y,other,TRUE,Lassé,2018-11-07T22:01:51Z,270868,300.0685828,4,225,3,75,NA,NA,NA,NA,NA,1,195,2018-11-07T22:01:51Z,2019-11-06
OIA81,Class 1,BJVwwrM5X,-3,0,X,other,TRUE,Anxieux,2018-11-08T10:43:31Z,21238,180,2,207,3,27,NA,NA,NA,NA,NA,1,196,2018-11-08T10:43:31Z,2019-11-07
OIA81,Class 1,BJVwwrM5X,-3,8,Y,other,TRUE,Confiant,2018-11-08T10:43:47Z,36706,339.4439548,4,9,1,30,NA,NA,NA,NA,NA,1,197,2018-11-08T10:43:47Z,2019-11-07
OIA81,Class 1,BJVwwrM5X,-29,0,X,button,TRUE,Confus,2018-11-08T13:46:35Z,14873,180,2,189,3,9,NA,NA,NA,NA,NA,1,198,2018-11-08T13:46:35Z,2019-11-07
OIA81,Class 1,BJVwwrM5X,1,0,X,other,FALSE,Dispersé,2018-11-08T13:49:19Z,178901,180,2,NA,NA,NA,NA,NA,NA,NA,NA,1,199,2018-11-08T13:49:19Z,2019-11-07
OIA81,Class 1,BJVwwrM5X,18,0,X,other,TRUE,Amusé,2018-11-08T14:25:32Z,8951,180,2,45,1,135,NA,NA,NA,NA,NA,1,200,2018-11-08T14:25:32Z,2019-11-07
XJ25A,Class 1,BJVwwrM5X,-45,-43,Y,button,TRUE,Stressé,2018-11-08T20:08:53Z,14554,226.3019527,3,243,3,17,NA,NA,NA,NA,NA,1,201,2018-11-08T20:08:53Z,2019-11-07
H2IPW,Class 1,BJVwwrM5X,14,20,Y,button,TRUE,Intéressé,2018-11-08T20:36:09Z,11878,34.9920202,1,27,1,8,NA,NA,NA,NA,NA,2,202,2018-11-08T20:36:09Z,2019-11-07
XJ25A,Class 1,BJVwwrM5X,-45,-43,Y,button,TRUE,Anxieux,2018-11-08T21:26:04Z,4645960,226.3019527,3,207,3,19,NA,NA,NA,NA,NA,1,203,2018-11-08T21:26:04Z,2019-11-07
OIA81,Class 1,BJVwwrM5X,-6,0,X,other,TRUE,Frustré,2018-11-09T13:05:43Z,26995,180,2,279,4,99,NA,NA,NA,NA,NA,1,204,2018-11-09T13:05:43Z,2019-11-08
OIA81,Class 1,BJVwwrM5X,-6,47,Y,button,TRUE,Confiant,2018-11-09T13:05:49Z,32852,352.724995,4,9,1,16,NA,NA,NA,NA,NA,1,205,2018-11-09T13:05:49Z,2019-11-08
OIA81,Class 1,BJVwwrM5X,10,0,X,other,TRUE,Concentré,2018-11-09T19:54:52Z,11345,180,2,81,1,99,NA,NA,NA,NA,NA,1,206,2018-11-09T19:54:52Z,2019-11-08
OIA81,Class 1,BJVwwrM5X,12,0,X,other,TRUE,Intéressé,2018-11-09T19:55:09Z,28478,180,2,27,1,153,NA,NA,NA,NA,NA,1,207,2018-11-09T19:55:09Z,2019-11-08
OIA81,Class 1,BJVwwrM5X,14,0,X,other,TRUE,Amusé,2018-11-09T19:55:32Z,51055,180,2,45,1,135,NA,NA,NA,NA,NA,1,208,2018-11-09T19:55:32Z,2019-11-08
H2IPW,Class 1,BJVwwrM5X,27,44,X,button,TRUE,Intéressé,2018-11-09T21:08:20Z,4360,31.53479191,1,27,1,5,NA,NA,NA,NA,NA,1,209,2018-11-09T21:08:20Z,2019-11-08
H2IPW,Class 1,BJVwwrM5X,27,5,Y,button,TRUE,Concentré,2018-11-09T21:08:23Z,8123,79.50852299,1,81,1,1,NA,NA,NA,NA,NA,1,210,2018-11-09T21:08:23Z,2019-11-08
HRH9P,Class 1,BJVwwrM5X,39,45,Y,button,TRUE,Intéressé,2018-11-09T23:15:54Z,13960,40.91438322,1,27,1,14,NA,NA,NA,NA,NA,1,211,2018-11-09T23:15:54Z,2019-11-08
OIA81,Class 1,BJVwwrM5X,16,0,X,button,TRUE,Soulagé,2018-11-10T13:36:32Z,9019,180,2,153,2,27,NA,NA,NA,NA,NA,1,212,2018-11-10T13:36:32Z,2019-11-09
OIA81,Class 1,BJVwwrM5X,22,0,X,other,TRUE,Concentré,2018-11-10T13:36:58Z,35309,180,2,81,1,99,NA,NA,NA,NA,NA,1,213,2018-11-10T13:36:58Z,2019-11-09
OIA81,Class 1,BJVwwrM5X,24,0,X,button,TRUE,Soulagé,2018-11-10T13:37:03Z,40189,180,2,153,2,27,NA,NA,NA,NA,NA,1,214,2018-11-10T13:37:03Z,2019-11-09
OIA81,Class 1,BJVwwrM5X,24,30,Y,other,TRUE,Stressé,2018-11-10T13:37:40Z,77452,38.65980825,1,243,3,156,NA,NA,NA,NA,NA,1,215,2018-11-10T13:37:40Z,2019-11-09
OIA81,Class 1,BJVwwrM5X,24,38,Y,other,TRUE,Anxieux,2018-11-10T13:38:02Z,99431,32.27564431,1,207,3,175,NA,NA,NA,NA,NA,1,216,2018-11-10T13:38:02Z,2019-11-09
OIA81,Class 1,BJVwwrM5X,9,0,X,button,TRUE,Soulagé,2018-11-10T21:31:47Z,22015,180,2,153,2,27,NA,NA,NA,NA,NA,1,217,2018-11-10T21:31:47Z,2019-11-09
OIA81,Class 1,BJVwwrM5X,-52,0,X,other,TRUE,Lassé,2018-11-10T21:32:04Z,38637,180,2,225,3,45,NA,NA,NA,NA,NA,1,218,2018-11-10T21:32:04Z,2019-11-09
OIA81,Class 1,BJVwwrM5X,-27,0,X,other,FALSE,Inquiet,2018-11-11T07:38:22Z,40016,180,2,NA,NA,NA,NA,NA,NA,NA,NA,1,219,2018-11-11T07:38:22Z,2019-11-10
OIA81,Class 1,BJVwwrM5X,-43,0,X,other,TRUE,Frustré,2018-11-12T05:49:43Z,20653,180,2,279,4,99,NA,NA,NA,NA,NA,1,220,2018-11-12T05:49:43Z,2019-11-11
OIA81,Class 1,BJVwwrM5X,-50,0,X,other,TRUE,Stressé,2018-11-12T05:49:55Z,32739,180,2,243,3,63,NA,NA,NA,NA,NA,1,221,2018-11-12T05:49:55Z,2019-11-11
OIA81,Class 1,BJVwwrM5X,-50,7,Y,other,TRUE,Confiant,2018-11-12T05:50:24Z,60956,277.9696104,4,9,1,91,NA,NA,NA,NA,NA,1,222,2018-11-12T05:50:24Z,2019-11-11
5T58D,Class 1,BJVwwrM5X,-90,-100,Y,other,TRUE,Enervé,2018-11-12T09:41:32Z,33217,221.9872125,3,333,4,111,NA,NA,NA,NA,NA,1,223,2018-11-12T09:41:32Z,2019-11-11
HRH9P,Class 1,BJVwwrM5X,74,0,X,other,TRUE,Détendu,2018-11-14T06:46:35Z,28420,180,2,117,2,63,NA,NA,NA,NA,NA,1,224,2018-11-14T06:46:35Z,2019-11-13
HRH9P,Class 1,BJVwwrM5X,26,0,X,other,TRUE,Insatisfait,2018-11-14T11:09:40Z,15813859,180,2,261,3,81,NA,NA,NA,NA,NA,1,225,2018-11-14T11:09:40Z,2019-11-13
HRH9P,Class 1,BJVwwrM5X,47,0,X,other,TRUE,Soulagé,2018-11-14T11:18:45Z,16359121,180,2,153,2,27,NA,NA,NA,NA,NA,1,226,2018-11-14T11:18:45Z,2019-11-13
HRH9P,Class 1,BJVwwrM5X,100,0,X,button,TRUE,Soulagé,2018-11-15T09:21:51Z,9979,180,2,153,2,27,NA,NA,NA,NA,NA,1,227,2018-11-15T09:21:51Z,2019-11-14
HRH9P,Class 1,BJVwwrM5X,40,53,Y,other,TRUE,Concentré,2018-11-15T10:31:55Z,4213918,37.04247477,1,81,1,44,NA,NA,NA,NA,NA,1,228,2018-11-15T10:31:55Z,2019-11-14
HRH9P,Class 1,BJVwwrM5X,-1,53,X,button,TRUE,Irrité,2018-11-15T16:26:47Z,25505593,358.9190758,4,351,4,8,NA,NA,NA,NA,NA,1,229,2018-11-15T16:26:47Z,2019-11-14
H2IPW,Class 1,BJVwwrM5X,68,60,X,button,TRUE,Ravi,2018-11-16T14:42:40Z,6657,48.57633437,1,63,1,14,NA,NA,NA,NA,NA,1,230,2018-11-16T14:42:40Z,2019-11-15
5VQBW,Class 1,BJVwwrM5X,-54,36,Y,button,TRUE,Dégoûté,2018-11-16T18:38:17Z,16665,303.6900675,4,315,4,11,NA,NA,NA,NA,NA,1,231,2018-11-16T18:38:17Z,2019-11-15
5VQBW,Class 1,BJVwwrM5X,-54,36,Y,button,TRUE,Frustré,2018-11-16T18:38:26Z,26119,303.6900675,4,279,4,25,NA,NA,NA,NA,NA,1,232,2018-11-16T18:38:26Z,2019-11-15
5VQBW,Class 1,BJVwwrM5X,-54,36,Y,other,TRUE,Anxieux,2018-11-16T18:38:41Z,41211,303.6900675,4,207,3,97,NA,NA,NA,NA,NA,1,233,2018-11-16T18:38:41Z,2019-11-15
5VQBW,Class 1,BJVwwrM5X,-54,36,Y,other,TRUE,Concentré,2018-11-16T18:38:46Z,45946,303.6900675,4,81,1,137,NA,NA,NA,NA,NA,1,234,2018-11-16T18:38:46Z,2019-11-15
5VQBW,Class 1,BJVwwrM5X,-54,36,Y,other,TRUE,Insatisfait,2018-11-16T18:38:58Z,57739,303.6900675,4,261,3,43,NA,NA,NA,NA,NA,1,235,2018-11-16T18:38:58Z,2019-11-15
5VQBW,Class 1,BJVwwrM5X,-54,36,Y,other,TRUE,Anxieux,2018-11-16T18:39:16Z,75452,303.6900675,4,207,3,97,NA,NA,NA,NA,NA,1,236,2018-11-16T18:39:16Z,2019-11-15
5VQBW,Class 1,BJVwwrM5X,-54,36,Y,other,TRUE,Intéressé,2018-11-16T18:39:28Z,88351,303.6900675,4,27,1,83,NA,NA,NA,NA,NA,1,237,2018-11-16T18:39:28Z,2019-11-15
5VQBW,Class 1,BJVwwrM5X,-54,36,Y,other,TRUE,Stressé,2018-11-16T18:39:41Z,100800,303.6900675,4,243,3,61,NA,NA,NA,NA,NA,1,238,2018-11-16T18:39:41Z,2019-11-15
5T58D,Class 1,BJVwwrM5X,-83,-85,Y,button,TRUE,Stressé,2018-11-18T12:48:33Z,12575,224.3179396,3,243,3,19,NA,NA,NA,NA,NA,1,240,2018-11-18T12:48:33Z,2019-11-17
5T58D,Class 1,BJVwwrM5X,-83,-80,Y,other,TRUE,Frustré,2018-11-18T13:51:10Z,3769331,226.0544045,3,279,4,53,NA,NA,NA,NA,NA,1,241,2018-11-18T13:51:10Z,2019-11-17
MCID1,Class 1,BJVwwrM5X,-26,-10,Y,button,TRUE,Insatisfait,2018-11-18T15:02:57Z,64606,248.962489,3,261,3,12,NA,NA,NA,NA,NA,2,242,2018-11-18T15:02:57Z,2019-11-17
5T58D,Class 1,BJVwwrM5X,74,74,Y,other,TRUE,Satisfait,2018-11-18T15:35:18Z,10017613,45,1,99,2,54,NA,NA,NA,NA,NA,1,243,2018-11-18T15:35:18Z,2019-11-17
HRH9P,Class 1,BJVwwrM5X,41,0,X,button,TRUE,Soulagé,2018-11-18T15:47:47Z,5691,180,2,153,2,27,NA,NA,NA,NA,NA,2,244,2018-11-18T15:47:47Z,2019-11-17
5VQBW,Class 1,BJVwwrM5X,100,100,Y,button,TRUE,Amusé,2018-11-18T17:01:14Z,11783,45,1,45,1,0,NA,NA,NA,NA,NA,1,245,2018-11-18T17:01:14Z,2019-11-17
5VQBW,Class 1,BJVwwrM5X,100,100,Y,other,TRUE,Intéressé,2018-11-18T17:01:32Z,30072,45,1,27,1,18,NA,NA,NA,NA,NA,1,246,2018-11-18T17:01:32Z,2019-11-17
5VQBW,Class 1,BJVwwrM5X,100,100,Y,other,TRUE,Soulagé,2018-11-18T17:01:42Z,39789,45,1,153,2,108,NA,NA,NA,NA,NA,1,247,2018-11-18T17:01:42Z,2019-11-17
5VQBW,Class 1,BJVwwrM5X,100,100,Y,other,TRUE,Satisfait,2018-11-18T17:01:57Z,54685,45,1,99,2,54,NA,NA,NA,NA,NA,1,248,2018-11-18T17:01:57Z,2019-11-17
5VQBW,Class 1,BJVwwrM5X,100,100,Y,button,TRUE,Ravi,2018-11-18T17:02:03Z,60989,45,1,63,1,18,NA,NA,NA,NA,NA,1,249,2018-11-18T17:02:03Z,2019-11-17
5VQBW,Class 1,BJVwwrM5X,100,100,Y,other,TRUE,Satisfait,2018-11-18T17:02:12Z,69671,45,1,99,2,54,NA,NA,NA,NA,NA,1,250,2018-11-18T17:02:12Z,2019-11-17
5VQBW,Class 1,BJVwwrM5X,100,100,Y,other,TRUE,Satisfait,2018-11-18T17:02:22Z,79605,45,1,99,2,54,NA,NA,NA,NA,NA,1,251,2018-11-18T17:02:22Z,2019-11-17
5VQBW,Class 1,BJVwwrM5X,100,100,Y,button,TRUE,Intéressé,2018-11-18T17:02:29Z,86744,45,1,27,1,18,NA,NA,NA,NA,NA,1,252,2018-11-18T17:02:29Z,2019-11-17
5VQBW,Class 1,BJVwwrM5X,100,100,Y,button,TRUE,Ravi,2018-11-18T17:02:32Z,90346,45,1,63,1,18,NA,NA,NA,NA,NA,1,253,2018-11-18T17:02:32Z,2019-11-17
5VQBW,Class 1,BJVwwrM5X,100,100,Y,button,TRUE,Ravi,2018-11-18T17:02:36Z,93620,45,1,63,1,18,NA,NA,NA,NA,NA,1,254,2018-11-18T17:02:36Z,2019-11-17
5VQBW,Class 1,BJVwwrM5X,100,100,Y,other,TRUE,Concentré,2018-11-18T17:02:58Z,116551,45,1,81,1,36,NA,NA,NA,NA,NA,1,255,2018-11-18T17:02:58Z,2019-11-17
HRH9P,Class 1,BJVwwrM5X,-18,16,Y,other,TRUE,Concentré,2018-11-18T17:58:01Z,21992,311.6335393,4,81,1,129,NA,NA,NA,NA,NA,1,256,2018-11-18T17:58:01Z,2019-11-17
HRH9P,Class 1,BJVwwrM5X,-100,47,Y,other,TRUE,Stressé,2018-11-18T19:06:30Z,4130781,295.1735245,4,243,3,52,NA,NA,NA,NA,NA,1,257,2018-11-18T19:06:30Z,2019-11-17
F7P3E,Class 1,BJVwwrM5X,-100,-100,Y,other,TRUE,Dégoûté,2018-11-18T19:36:11Z,33656,225,3,315,4,90,NA,NA,NA,NA,NA,1,258,2018-11-18T19:36:11Z,2019-11-17
WPNGW,Class 1,BJVwwrM5X,-100,-71,Y,button,TRUE,Stressé,2018-11-18T21:38:30Z,14124,234.6252482,3,243,3,8,NA,NA,NA,NA,NA,1,259,2018-11-18T21:38:30Z,2019-11-17
WPNGW,Class 1,BJVwwrM5X,-100,19,Y,button,TRUE,Frustré,2018-11-18T21:39:13Z,57603,280.7579671,4,279,4,2,NA,NA,NA,NA,NA,1,260,2018-11-18T21:39:13Z,2019-11-17
WPNGW,Class 1,BJVwwrM5X,-100,32,Y,button,TRUE,Insatisfait,2018-11-18T21:39:23Z,67023,287.7446716,4,261,3,27,NA,NA,NA,NA,NA,1,261,2018-11-18T21:39:23Z,2019-11-17
HRH9P,Class 1,BJVwwrM5X,100,100,Y,other,TRUE,Soulagé,2018-11-18T21:42:42Z,32496,45,1,153,2,108,NA,NA,NA,NA,NA,1,262,2018-11-18T21:42:42Z,2019-11-17
QUOGW,Class 1,BJVwwrM5X,-41,0,X,button,TRUE,Confus,2018-11-20T16:21:09Z,6623,180,2,189,3,9,NA,NA,NA,NA,NA,1,263,2018-11-20T16:21:09Z,2019-11-19
QUOGW,Class 1,BJVwwrM5X,-41,-77,Y,button,TRUE,Lassé,2018-11-20T16:21:30Z,27278,208.0338519,3,225,3,17,NA,NA,NA,NA,NA,1,264,2018-11-20T16:21:30Z,2019-11-19
OIA81,Class 1,BJVwwrM5X,20,0,X,other,TRUE,Intéressé,2018-11-20T19:54:12Z,29619,180,2,27,1,153,NA,NA,NA,NA,NA,1,265,2018-11-20T19:54:12Z,2019-11-19
Z0KOY,Class 1,BJVwwrM5X,-38,-25,Y,button,TRUE,Lassé,2018-11-22T11:01:25Z,279133,236.6592927,3,225,3,12,NA,NA,NA,NA,NA,1,266,2018-11-22T11:01:25Z,2019-11-21
Z0KOY,Class 1,BJVwwrM5X,27,10,Y,other,FALSE,Stimulé,2018-11-22T13:38:42Z,9716410,69.67686317,1,NA,NA,NA,NA,NA,NA,NA,NA,1,267,2018-11-22T13:38:42Z,2019-11-21
Z0KOY,Class 1,BJVwwrM5X,-17,-35,Y,other,TRUE,Frustré,2018-11-22T14:28:41Z,12715101,205.906508,3,279,4,73,NA,NA,NA,NA,NA,1,268,2018-11-22T14:28:41Z,2019-11-21
Z0KOY,Class 1,BJVwwrM5X,-60,-52,Y,button,TRUE,Lassé,2018-11-22T17:54:25Z,25059034,229.0856168,3,225,3,4,NA,NA,NA,NA,NA,1,269,2018-11-22T17:54:25Z,2019-11-21
Z0KOY,Class 1,BJVwwrM5X,-60,-52,Y,button,TRUE,Lassé,2018-11-22T17:54:37Z,25071080,229.0856168,3,225,3,4,NA,NA,NA,NA,NA,1,270,2018-11-22T17:54:37Z,2019-11-21
5VQBW,Class 1,BJVwwrM5X,-26,-100,X,other,TRUE,Frustré,2018-11-28T12:45:34Z,20394,194.5742162,3,279,4,84,NA,NA,NA,NA,NA,1,273,2018-11-28T12:45:34Z,2019-11-27
5VQBW,Class 1,BJVwwrM5X,-26,-100,X,other,TRUE,Frustré,2018-11-28T12:45:45Z,31635,194.5742162,3,279,4,84,NA,NA,NA,NA,NA,1,274,2018-11-28T12:45:45Z,2019-11-27
5VQBW,Class 1,BJVwwrM5X,-26,82,Y,button,TRUE,Irrité,2018-11-28T12:45:57Z,43623,342.4075754,4,351,4,9,NA,NA,NA,NA,NA,1,275,2018-11-28T12:45:57Z,2019-11-27
5VQBW,Class 1,BJVwwrM5X,-69,16,Y,other,TRUE,Stressé,2018-11-28T12:46:29Z,75808,283.0552472,4,243,3,40,NA,NA,NA,NA,NA,1,276,2018-11-28T12:46:29Z,2019-11-27
JQQI3,Class 1,BJVwwrM5X,100,-2,Y,button,TRUE,Satisfait,2018-11-28T14:18:26Z,22781,91.14576284,2,99,2,8,NA,NA,NA,NA,NA,1,277,2018-11-28T14:18:26Z,2019-11-27
JQQI3,Class 1,BJVwwrM5X,100,-1,Y,button,TRUE,Détendu,2018-11-28T14:18:37Z,34121,90.5729387,2,117,2,26,NA,NA,NA,NA,NA,1,278,2018-11-28T14:18:37Z,2019-11-27
JQQI3,Class 1,BJVwwrM5X,100,-1,Y,other,FALSE,Passif,2018-11-28T14:18:56Z,52689,90.5729387,2,NA,NA,NA,NA,NA,NA,NA,NA,1,279,2018-11-28T14:18:56Z,2019-11-27
H2IPW,Class 1,BJVwwrM5X,0,-35,Y,button,TRUE,Stressé,2018-11-28T23:35:39Z,5179,270,3,243,3,27,NA,NA,NA,NA,NA,1,280,2018-11-28T23:35:39Z,2019-11-27
H2IPW,Class 1,BJVwwrM5X,27,-35,X,button,TRUE,Surpris,2018-11-28T23:35:50Z,16256,142.3523794,2,135,2,7,NA,NA,NA,NA,NA,1,281,2018-11-28T23:35:50Z,2019-11-27
H2IPW,Class 1,BJVwwrM5X,34,40,X,button,TRUE,Amusé,2018-11-29T23:47:49Z,3047,40.36453657,1,45,1,5,NA,NA,NA,NA,NA,1,282,2018-11-29T23:47:49Z,2019-11-28
OIA81,Class 1,BJVwwrM5X,5,0,X,other,FALSE,Tranquil,2018-11-30T11:53:38Z,58301,180,2,NA,NA,NA,NA,NA,NA,NA,NA,1,283,2018-11-30T11:53:38Z,2019-11-29
OIA81,Class 1,BJVwwrM5X,-24,0,X,other,FALSE,Impatient,2018-12-01T05:13:19Z,40732,180,2,NA,NA,NA,NA,NA,NA,NA,NA,1,284,2018-12-01T05:13:19Z,2019-11-30
OIA81,Class 1,BJVwwrM5X,-1,0,X,other,TRUE,Confiant,2018-12-01T05:13:49Z,70703,180,2,9,1,171,NA,NA,NA,NA,NA,1,285,2018-12-01T05:13:49Z,2019-11-30
OIA81,Class 1,BJVwwrM5X,39,0,X,other,TRUE,Intéressé,2018-12-01T05:14:44Z,126461,180,2,27,1,153,NA,NA,NA,NA,NA,1,286,2018-12-01T05:14:44Z,2019-11-30
OIA81,Class 1,BJVwwrM5X,-42,0,X,other,TRUE,Insatisfait,2018-12-01T05:14:53Z,134670,180,2,261,3,81,NA,NA,NA,NA,NA,1,287,2018-12-01T05:14:53Z,2019-11-30
ATRMN,Class 1,BJVwwrM5X,17,50,Y,button,TRUE,Intéressé,2018-12-01T11:54:22Z,39974,18.77803322,1,27,1,8,NA,NA,NA,NA,NA,1,288,2018-12-01T11:54:22Z,2019-11-30
OIA81,Class 1,BJVwwrM5X,21,0,X,other,TRUE,Concentré,2018-12-01T12:38:08Z,18429,180,2,81,1,99,NA,NA,NA,NA,NA,1,289,2018-12-01T12:38:08Z,2019-11-30
OIA81,Class 1,BJVwwrM5X,-15,0,X,other,FALSE,Impatient,2018-12-01T12:38:43Z,52577,180,2,NA,NA,NA,NA,NA,NA,NA,NA,1,290,2018-12-01T12:38:43Z,2019-11-30
OIA81,Class 1,BJVwwrM5X,17,0,X,other,TRUE,Amusé,2018-12-01T12:38:50Z,60103,180,2,45,1,135,NA,NA,NA,NA,NA,1,291,2018-12-01T12:38:50Z,2019-11-30
ATRMN,Class 1,BJVwwrM5X,39,41,X,other,TRUE,Concentré,2018-12-01T12:54:34Z,3652776,43.56790382,1,81,1,37,NA,NA,NA,NA,NA,1,292,2018-12-01T12:54:34Z,2019-11-30
ATRMN,Class 1,BJVwwrM5X,48,41,X,other,FALSE,Rêveur,2018-12-01T13:17:11Z,5009297,49.49715161,1,NA,NA,NA,NA,NA,NA,NA,NA,1,293,2018-12-01T13:17:11Z,2019-11-30
HRH9P,Class 1,BJVwwrM5X,-100,-2,Y,other,TRUE,Insatisfait,2018-12-01T13:45:24Z,157203,268.8542372,3,261,3,8,NA,NA,NA,NA,NA,1,294,2018-12-01T13:45:24Z,2019-11-30
OIA81,Class 1,BJVwwrM5X,-28,0,X,button,TRUE,Confus,2018-12-01T13:49:42Z,7257,180,2,189,3,9,NA,NA,NA,NA,NA,2,295,2018-12-01T13:49:42Z,2019-11-30
HRH9P,Class 1,BJVwwrM5X,-15,0,X,other,TRUE,Lassé,2018-12-01T17:33:01Z,6086417,180,2,225,3,45,NA,NA,NA,NA,NA,1,296,2018-12-01T17:33:01Z,2019-11-30
XJ25A,Class 1,BJVwwrM5X,-74,-74,Y,button,TRUE,Stressé,2018-12-01T22:48:48Z,21166,225,3,243,3,18,NA,NA,NA,NA,NA,1,297,2018-12-01T22:48:48Z,2019-11-30
XJ25A,Class 1,BJVwwrM5X,-74,-74,Y,other,FALSE,Épuisé,2018-12-01T22:49:11Z,44764,225,3,NA,NA,NA,NA,NA,NA,NA,NA,1,298,2018-12-01T22:49:11Z,2019-11-30
XJ25A,Class 1,BJVwwrM5X,-74,-74,Y,button,TRUE,Lassé,2018-12-02T00:05:14Z,4607413,225,3,225,3,0,NA,NA,NA,NA,NA,1,299,2018-12-02T00:05:14Z,2019-12-01
OIA81,Class 1,BJVwwrM5X,-14,0,X,other,TRUE,Anxieux,2018-12-02T07:05:57Z,19220,180,2,207,3,27,NA,NA,NA,NA,NA,1,300,2018-12-02T07:05:57Z,2019-12-01
OIA81,Class 1,BJVwwrM5X,-14,25,Y,other,TRUE,Confiant,2018-12-02T07:06:07Z,29465,330.7511737,4,9,1,38,NA,NA,NA,NA,NA,1,301,2018-12-02T07:06:07Z,2019-12-01
OIA81,Class 1,BJVwwrM5X,25,0,X,other,TRUE,Intéressé,2018-12-02T08:14:07Z,21893,180,2,27,1,153,NA,NA,NA,NA,NA,1,302,2018-12-02T08:14:07Z,2019-12-01
MCID1,Class 1,BJVwwrM5X,50,0,X,button,TRUE,Soulagé,2018-12-02T11:50:17Z,12114,180,2,153,2,27,NA,NA,NA,NA,NA,1,303,2018-12-02T11:50:17Z,2019-12-01
MCID1,Class 1,BJVwwrM5X,79,63,Y,button,TRUE,Intéressé,2018-12-02T11:50:43Z,37416,51.42874775,1,27,1,24,NA,NA,NA,NA,NA,1,304,2018-12-02T11:50:43Z,2019-12-01
OIA81,Class 1,BJVwwrM5X,-6,0,X,other,FALSE,Impatient,2018-12-02T12:03:35Z,45606,180,2,NA,NA,NA,NA,NA,NA,NA,NA,1,305,2018-12-02T12:03:35Z,2019-12-01
OIA81,Class 1,BJVwwrM5X,66,0,X,other,TRUE,Concentré,2018-12-02T12:04:05Z,75259,180,2,81,1,99,NA,NA,NA,NA,NA,1,306,2018-12-02T12:04:05Z,2019-12-01
OIA81,Class 1,BJVwwrM5X,-13,0,X,other,TRUE,Lassé,2018-12-02T14:00:11Z,13439,180,2,225,3,45,NA,NA,NA,NA,NA,1,307,2018-12-02T14:00:11Z,2019-12-01
OIA81,Class 1,BJVwwrM5X,-22,0,X,other,TRUE,Frustré,2018-12-02T15:46:36Z,66784,180,2,279,4,99,NA,NA,NA,NA,NA,2,308,2018-12-02T15:46:36Z,2019-12-01
OIA81,Class 1,BJVwwrM5X,-22,2,Y,other,TRUE,Confiant,2018-12-02T15:46:49Z,79919,275.1944289,4,9,1,94,NA,NA,NA,NA,NA,2,309,2018-12-02T15:46:49Z,2019-12-01
HRH9P,Class 1,BJVwwrM5X,100,0,X,button,TRUE,Soulagé,2018-12-02T16:18:36Z,2065376,180,2,153,2,27,NA,NA,NA,NA,NA,1,310,2018-12-02T16:18:36Z,2019-12-01
H2IPW,Class 1,BJVwwrM5X,41,11,Y,button,TRUE,Satisfait,2018-12-02T19:03:37Z,16672,74.98163937,1,99,2,24,NA,NA,NA,NA,NA,1,311,2018-12-02T19:03:37Z,2019-12-01
OIA81,Class 1,BJVwwrM5X,13,0,X,other,TRUE,Soulagé,2018-12-02T20:04:38Z,7709,180,2,153,2,27,NA,NA,NA,NA,NA,1,312,2018-12-02T20:04:38Z,2019-12-01
OIA81,Class 1,BJVwwrM5X,-37,0,X,other,TRUE,Lassé,2018-12-02T20:04:45Z,15082,180,2,225,3,45,NA,NA,NA,NA,NA,1,313,2018-12-02T20:04:45Z,2019-12-01
OIA81,Class 1,BJVwwrM5X,-37,9,Y,button,TRUE,Insatisfait,2018-12-02T20:04:55Z,24835,283.6713071,4,261,3,23,NA,NA,NA,NA,NA,1,314,2018-12-02T20:04:55Z,2019-12-01
HRH9P,Class 1,BJVwwrM5X,31,0,X,other,TRUE,Intéressé,2018-12-03T11:18:31Z,50265,180,2,27,1,153,NA,NA,NA,NA,NA,1,315,2018-12-03T11:18:31Z,2019-12-02
5VQBW,Class 1,BJVwwrM5X,100,0,X,other,TRUE,Intéressé,2018-12-07T08:06:53Z,20523,180,2,27,1,153,NA,NA,NA,NA,NA,1,316,2018-12-07T08:06:53Z,2019-12-06
5VQBW,Class 1,BJVwwrM5X,14,-31,X,other,TRUE,Intéressé,2018-12-07T09:02:01Z,330992,155.6954507,2,27,1,129,NA,NA,NA,NA,NA,1,317,2018-12-07T09:02:01Z,2019-12-06
HRH9P,Class 1,BJVwwrM5X,84,0,X,other,TRUE,Ravi,2018-12-07T14:14:56Z,13304,180,2,NA,NA,NA,NA,NA,NA,NA,NA,1,318,2018-12-07T14:14:56Z,2019-12-06
OIA81,Class 1,BJVwwrM5X,58,0,X,other,TRUE,Intéressé,2018-12-11T11:29:14Z,15214,180,2,27,1,153,NA,NA,NA,NA,NA,1,319,2018-12-11T11:29:14Z,2019-12-10
OIA81,Class 1,BJVwwrM5X,69,0,X,other,TRUE,Satisfait,2018-12-11T11:29:26Z,27239,180,2,99,2,81,NA,NA,NA,NA,NA,1,320,2018-12-11T11:29:26Z,2019-12-10
OIA81,Class 1,BJVwwrM5X,69,-8,Y,other,TRUE,Confus,2018-12-11T11:29:35Z,36499,96.61346048,2,189,3,92,NA,NA,NA,NA,NA,1,321,2018-12-11T11:29:35Z,2019-12-10
OIA81,Class 1,BJVwwrM5X,57,0,X,other,TRUE,Amusé,2018-12-11T14:02:27Z,8914,180,2,45,1,135,NA,NA,NA,NA,NA,1,322,2018-12-11T14:02:27Z,2019-12-10
OIA81,Class 1,BJVwwrM5X,69,0,X,other,TRUE,Confiant,2018-12-11T14:02:36Z,17425,180,2,9,1,171,NA,NA,NA,NA,NA,1,323,2018-12-11T14:02:36Z,2019-12-10
HRH9P,Class 1,BJVwwrM5X,-28,-40,Y,other,FALSE,Fatigué,2018-12-12T19:47:01Z,32261,214.9920202,3,NA,NA,NA,NA,NA,NA,NA,NA,1,324,2018-12-12T19:47:01Z,2019-12-11
OIA81,Class 1,BJVwwrM5X,37,0,X,other,TRUE,Concentré,2018-12-25T11:22:18Z,18169,180,2,81,1,99,NA,NA,NA,NA,NA,1,325,2018-12-25T11:22:18Z,2019-12-24
OIA81,Class 1,BJVwwrM5X,78,0,X,other,TRUE,Confiant,2018-12-25T11:22:33Z,33574,180,2,9,1,171,NA,NA,NA,NA,NA,1,326,2018-12-25T11:22:33Z,2019-12-24
OIA81,Class 1,BJVwwrM5X,59,0,X,other,TRUE,Amusé,2018-12-25T11:22:45Z,45754,180,2,45,1,135,NA,NA,NA,NA,NA,1,327,2018-12-25T11:22:45Z,2019-12-24
OIA81,Class 1,BJVwwrM5X,74,0,X,other,TRUE,Intéressé,2018-12-25T11:22:52Z,52923,180,2,27,1,153,NA,NA,NA,NA,NA,1,328,2018-12-25T11:22:52Z,2019-12-24
OIA81,Class 1,BJVwwrM5X,74,16,Y,button,TRUE,Satisfait,2018-12-25T11:23:10Z,70672,77.79953127,1,99,2,21,NA,NA,NA,NA,NA,1,329,2018-12-25T11:23:10Z,2019-12-24
OIA81,Class 1,BJVwwrM5X,9,0,X,other,FALSE,Impatient,2018-12-26T17:40:06Z,24335,180,2,NA,NA,NA,NA,NA,NA,NA,NA,1,330,2018-12-26T17:40:06Z,2019-12-25
OIA81,Class 1,BJVwwrM5X,9,10,Y,other,TRUE,Confiant,2018-12-26T17:40:17Z,34650,41.9872125,1,9,1,33,NA,NA,NA,NA,NA,1,331,2018-12-26T17:40:17Z,2019-12-25
OIA81,Class 1,BJVwwrM5X,9,21,Y,other,FALSE,Curieux,2018-12-26T17:40:54Z,72108,23.19859051,1,NA,NA,NA,NA,NA,NA,NA,NA,1,332,2018-12-26T17:40:54Z,2019-12-25
OIA81,Class 1,BJVwwrM5X,11,0,X,other,FALSE,Tranquil,2018-12-27T15:25:30Z,33684,180,2,NA,NA,NA,NA,NA,NA,NA,NA,1,333,2018-12-27T15:25:30Z,2019-12-26
OIA81,Class 1,BJVwwrM5X,26,0,X,other,TRUE,Confiant,2018-12-27T15:25:38Z,41131,180,2,9,1,171,NA,NA,NA,NA,NA,1,334,2018-12-27T15:25:38Z,2019-12-26
OIA81,Class 1,BJVwwrM5X,40,0,X,other,TRUE,Intéressé,2018-12-27T15:25:44Z,47391,180,2,27,1,153,NA,NA,NA,NA,NA,1,335,2018-12-27T15:25:44Z,2019-12-26
OIA81,Class 1,BJVwwrM5X,-19,0,X,other,TRUE,Lassé,2018-12-27T17:53:17Z,20686,180,2,225,3,45,NA,NA,NA,NA,NA,1,336,2018-12-27T17:53:17Z,2019-12-26
OIA81,Class 1,BJVwwrM5X,-19,17,Y,other,TRUE,Satisfait,2018-12-27T17:53:23Z,26369,311.8201699,4,99,2,147,NA,NA,NA,NA,NA,1,337,2018-12-27T17:53:23Z,2019-12-26
OIA81,Class 1,BJVwwrM5X,8,0,X,button,TRUE,Soulagé,2018-12-29T17:13:27Z,9501,180,2,153,2,27,NA,NA,NA,NA,NA,1,338,2018-12-29T17:13:27Z,2019-12-28
OIA81,Class 1,BJVwwrM5X,8,14,Y,button,TRUE,Intéressé,2018-12-29T17:13:34Z,16524,29.7448813,1,27,1,3,NA,NA,NA,NA,NA,1,339,2018-12-29T17:13:34Z,2019-12-28
OIA81,Class 1,BJVwwrM5X,33,14,X,other,TRUE,Satisfait,2018-12-29T17:14:04Z,46993,67.0112832,1,99,2,32,NA,NA,NA,NA,NA,1,340,2018-12-29T17:14:04Z,2019-12-28
OIA81,Class 1,BJVwwrM5X,80,0,X,other,TRUE,Intéressé,2018-12-30T12:52:33Z,28550,180,2,27,1,153,NA,NA,NA,NA,NA,1,341,2018-12-30T12:52:33Z,2019-12-29
OIA81,Class 1,BJVwwrM5X,-22,0,X,other,FALSE,Impatient,2018-12-30T12:52:54Z,50000,180,2,NA,NA,NA,NA,NA,NA,NA,NA,1,342,2018-12-30T12:52:54Z,2019-12-29
OIA81,Class 1,BJVwwrM5X,-22,31,Y,other,TRUE,Confiant,2018-12-30T12:53:03Z,59110,324.6375381,4,9,1,44,NA,NA,NA,NA,NA,1,343,2018-12-30T12:53:03Z,2019-12-29
OIA81,Class 1,BJVwwrM5X,-42,0,X,button,TRUE,Confus,2018-12-30T15:57:09Z,10653,180,2,189,3,9,NA,NA,NA,NA,NA,1,344,2018-12-30T15:57:09Z,2019-12-29
OIA81,Class 1,BJVwwrM5X,-51,0,X,other,TRUE,Frustré,2018-12-30T15:57:19Z,20880,180,2,279,4,99,NA,NA,NA,NA,NA,1,345,2018-12-30T15:57:19Z,2019-12-29
OIA81,Class 1,BJVwwrM5X,58,0,X,other,FALSE,Motivé,2018-12-31T08:47:58Z,18894,180,2,NA,NA,NA,NA,NA,NA,NA,NA,1,346,2018-12-31T08:47:58Z,2019-12-30
OIA81,Class 1,BJVwwrM5X,69,0,X,other,FALSE,Curieux,2018-12-31T08:48:22Z,42872,180,2,NA,NA,NA,NA,NA,NA,NA,NA,1,347,2018-12-31T08:48:22Z,2019-12-30
OIA81,Class 1,BJVwwrM5X,49,0,X,other,TRUE,Amusé,2018-12-31T09:54:04Z,6510,180,2,45,1,135,NA,NA,NA,NA,NA,1,348,2018-12-31T09:54:04Z,2019-12-30
OIA81,Class 1,BJVwwrM5X,47,0,X,other,TRUE,Concentré,2019-01-02T16:21:56Z,13976,180,2,81,1,99,NA,NA,NA,NA,NA,1,349,2019-01-02T16:21:56Z,2020-01-01
OIA81,Class 1,BJVwwrM5X,47,15,Y,button,TRUE,Satisfait,2019-01-02T16:21:59Z,17708,72.29957221,1,99,2,27,NA,NA,NA,NA,NA,1,350,2019-01-02T16:21:59Z,2020-01-01
OIA81,Class 1,BJVwwrM5X,56,15,X,other,TRUE,Intéressé,2019-01-02T16:22:10Z,27862,75.00492087,1,27,1,48,NA,NA,NA,NA,NA,1,351,2019-01-02T16:22:10Z,2020-01-01
OIA81,Class 1,BJVwwrM5X,30,0,X,other,TRUE,Détendu,2019-01-02T17:12:44Z,8758,180,2,117,2,63,NA,NA,NA,NA,NA,1,352,2019-01-02T17:12:44Z,2020-01-01
OIA81,Class 1,BJVwwrM5X,68,0,X,other,TRUE,Satisfait,2019-01-08T12:57:12Z,13561,180,2,99,2,81,NA,NA,NA,NA,NA,1,353,2019-01-08T12:57:12Z,2020-01-07
OIA81,Class 1,BJVwwrM5X,77,0,X,other,TRUE,Soulagé,2019-01-08T12:57:26Z,28029,180,2,153,2,27,NA,NA,NA,NA,NA,1,354,2019-01-08T12:57:26Z,2020-01-07
Z0KOY,Class 1,BJVwwrM5X,42,38,Y,button,TRUE,Ravi,2019-01-19T11:50:26Z,48085,47.86240523,1,63,1,15,NA,NA,NA,NA,NA,1,358,2019-01-19T11:50:26Z,2020-01-18
Z0KOY,Class 1,BJVwwrM5X,-45,-49,Y,other,TRUE,Frustré,2019-01-19T12:58:59Z,4161139,222.5633518,3,279,4,56,NA,NA,NA,NA,NA,1,359,2019-01-19T12:58:59Z,2020-01-18
WIN3R,Class 2,BJVwwrM5X,41,77,Y,button,TRUE,Confiant,2019-11-04T13:48:08Z,13568,28.03385189,1,9,1,19,NA,NA,NA,NA,NA,1,507,2019-11-04T13:48:08Z,2019-11-04
IG6VT,Class 2,BJVwwrM5X,40,93,X,button,TRUE,Confiant,2019-11-04T13:51:04Z,23001,23.27290406,1,9,1,14,NA,NA,NA,NA,NA,1,508,2019-11-04T13:51:04Z,2019-11-04
IG6VT,Class 2,BJVwwrM5X,65,93,X,button,TRUE,Intéressé,2019-11-04T13:51:06Z,25025,34.95065141,1,27,1,8,NA,NA,NA,NA,NA,1,509,2019-11-04T13:51:06Z,2019-11-04
TDTPK,Class 2,BJVwwrM5X,0,-81,Y,other,FALSE,Saleté de code javascript,2019-11-04T14:03:33Z,12768,270,3,NA,NA,NA,NA,NA,NA,NA,NA,1,510,2019-11-04T14:03:33Z,2019-11-04
TDTPK,Class 2,BJVwwrM5X,100,100,Y,button,TRUE,Ravi,2019-11-04T14:03:39Z,18799,45,1,63,1,18,NA,NA,NA,NA,NA,1,511,2019-11-04T14:03:39Z,2019-11-04
TDTPK,Class 2,BJVwwrM5X,100,100,Y,other,TRUE,Soulagé,2019-11-04T14:03:52Z,32088,45,1,NA,NA,NA,NA,NA,NA,NA,NA,1,512,2019-11-04T14:03:52Z,2019-11-04
TDTPK,Class 2,BJVwwrM5X,100,93,X,other,FALSE,Cauchemat d'ex3 terminé,2019-11-04T14:04:33Z,16604,47.07717477,1,NA,NA,NA,NA,NA,NA,NA,NA,1,513,2019-11-04T14:04:33Z,2019-11-04
41DRO,Class 2,BJVwwrM5X,-100,-23,X,button,TRUE,Frustré,2019-11-04T16:05:10Z,24856,257.0472355,3,279,4,22,NA,NA,NA,NA,NA,1,514,2019-11-04T16:05:10Z,2019-11-04
QXZIZ,Class 2,BJVwwrM5X,-17,20,Y,other,TRUE,Concentré,2019-11-04T18:29:54Z,16969,319.6354634,4,81,1,121,NA,NA,NA,NA,NA,1,515,2019-11-04T18:29:54Z,2019-11-04
QXZIZ,Class 2,BJVwwrM5X,-49,20,X,button,TRUE,Frustré,2019-11-04T18:42:46Z,788396,292.2034785,4,279,4,13,NA,NA,NA,NA,NA,1,516,2019-11-04T18:42:46Z,2019-11-04
QXZIZ,Class 2,BJVwwrM5X,37,20,X,other,FALSE,Motivé,2019-11-04T18:47:44Z,1086687,61.60698058,1,NA,NA,NA,NA,NA,NA,NA,NA,1,517,2019-11-04T18:47:44Z,2019-11-04
QXZIZ,Class 2,BJVwwrM5X,-100,-100,X,other,FALSE,Hacké,2019-11-04T19:48:43Z,4746061,225,3,NA,NA,NA,NA,NA,NA,NA,NA,1,518,2019-11-04T19:48:43Z,2019-11-04
QXZIZ,Class 2,BJVwwrM5X,-100,-100,X,other,FALSE,Insécurisé,2019-11-04T19:48:59Z,4761293,225,3,NA,NA,NA,NA,NA,NA,NA,NA,1,519,2019-11-04T19:48:59Z,2019-11-04
QXZIZ,Class 2,BJVwwrM5X,-50,9,Y,other,FALSE,Saturé,2019-11-04T20:21:25Z,6707156,280.2039737,4,NA,NA,NA,NA,NA,NA,NA,NA,1,520,2019-11-04T20:21:25Z,2019-11-04
QXZIZ,Class 2,BJVwwrM5X,-50,0,Y,other,FALSE,Fatigué,2019-11-04T20:42:22Z,7964611,180,2,NA,NA,NA,NA,NA,NA,NA,NA,1,521,2019-11-04T20:42:22Z,2019-11-04
41DRO,Class 2,BJVwwrM5X,-18,-100,X,other,FALSE,Ennuyé,2019-11-05T15:52:08Z,34427,190.2039737,3,NA,NA,NA,NA,NA,NA,NA,NA,1,522,2019-11-05T15:52:08Z,2019-11-05
IG6VT,Class 2,BJVwwrM5X,0,39,X,button,TRUE,Ravi,2019-11-07T16:47:55Z,15220,90,1,63,1,27,NA,NA,NA,NA,NA,1,524,2019-11-07T16:47:55Z,2019-11-07
094O8,Class 2,BJVwwrM5X,-100,-74,Y,button,TRUE,Anxieux,2019-11-10T19:11:16Z,13170,233.4985589,3,207,3,26,NA,NA,NA,NA,NA,1,526,2019-11-10T19:11:16Z,2019-11-10
094O8,Class 2,BJVwwrM5X,-100,-71,Y,other,FALSE,Déprimé,2019-11-10T20:17:23Z,14934,234.6252482,3,NA,NA,NA,NA,NA,NA,NA,NA,1,527,2019-11-10T20:17:23Z,2019-11-10
094O8,Class 2,BJVwwrM5X,-100,-66,Y,button,TRUE,Lassé,2019-11-11T07:25:10Z,11237,236.5751888,3,225,3,12,NA,NA,NA,NA,NA,1,528,2019-11-11T07:25:10Z,2019-11-11
094O8,Class 2,BJVwwrM5X,-100,-69,Y,other,FALSE,Dépité,2019-11-11T07:25:23Z,24487,235.3943244,3,NA,NA,NA,NA,NA,NA,NA,NA,1,529,2019-11-11T07:25:23Z,2019-11-11
094O8,Class 2,BJVwwrM5X,-100,-92,Y,other,FALSE,Démoralisé,2019-11-11T18:48:37Z,13621,227.385944,3,NA,NA,NA,NA,NA,NA,NA,NA,1,530,2019-11-11T18:48:37Z,2019-11-11
094O8,Class 2,BJVwwrM5X,-100,-52,Y,button,TRUE,Lassé,2019-11-12T08:53:26Z,10568,242.5255684,3,225,3,18,NA,NA,NA,NA,NA,1,531,2019-11-12T08:53:26Z,2019-11-12
IG6VT,Class 2,BJVwwrM5X,77,-43,Y,other,TRUE,Confus,2019-11-12T16:06:44Z,23680,119.1808061,2,189,3,70,NA,NA,NA,NA,NA,1,532,2019-11-12T16:06:44Z,2019-11-12
IG6VT,Class 2,BJVwwrM5X,36,91,X,button,TRUE,Confiant,2019-11-12T16:07:08Z,48088,21.58396924,1,9,1,13,NA,NA,NA,NA,NA,1,533,2019-11-12T16:07:08Z,2019-11-12
IG6VT,Class 2,BJVwwrM5X,-100,-85,X,other,FALSE,Fatigué,2019-11-12T17:47:32Z,6071347,229.6354634,3,NA,NA,NA,NA,NA,NA,NA,NA,1,534,2019-11-12T17:47:32Z,2019-11-12
094O8,Class 2,BJVwwrM5X,3,-71,X,button,TRUE,Soulagé,2019-11-13T19:48:57Z,257508995,177.5804908,2,153,2,25,NA,NA,NA,NA,NA,1,535,2019-11-13T19:48:57Z,2019-11-13
094O8,Class 2,BJVwwrM5X,0,0,Y,other,TRUE,Soulagé,2019-11-13T19:49:36Z,19028,NA,NA,153,2,NA,NA,NA,NA,NA,NA,1,536,2019-11-13T19:49:36Z,2019-11-13
IG6VT,Class 2,BJVwwrM5X,0,100,Y,button,TRUE,Ravi,2019-11-14T21:27:42Z,4556,90,1,63,1,27,NA,NA,NA,NA,NA,1,537,2019-11-14T21:27:42Z,2019-11-14
094O8,Class 2,BJVwwrM5X,-35,-38,Y,button,TRUE,Lassé,2019-11-16T15:07:00Z,14244,222.6467031,3,225,3,2,NA,NA,NA,NA,NA,1,538,2019-11-16T15:07:00Z,2019-11-16
094O8,Class 2,BJVwwrM5X,0,1,Y,other,FALSE,Curieux,2019-11-16T19:30:20Z,32026,90,1,NA,NA,NA,NA,NA,NA,NA,NA,1,539,2019-11-16T19:30:20Z,2019-11-16
094O8,Class 2,BJVwwrM5X,0,1,Y,other,TRUE,Intéressé,2019-11-16T19:30:41Z,52407,90,1,NA,NA,NA,NA,NA,NA,NA,NA,1,540,2019-11-16T19:30:41Z,2019-11-16
094O8,Class 2,BJVwwrM5X,90,55,X,button,TRUE,Concentré,2019-11-17T14:34:30Z,13386,58.57043439,1,81,1,22,NA,NA,NA,NA,NA,1,541,2019-11-17T14:34:30Z,2019-11-17
4DN3C,Class 2,BJVwwrM5X,-44,40,X,other,FALSE,Déprimé,2019-11-17T20:07:05Z,1392048,312.273689,4,NA,NA,NA,NA,NA,NA,NA,NA,1,542,2019-11-17T20:07:05Z,2019-11-17
4DN3C,Class 2,BJVwwrM5X,-65,-48,Y,button,TRUE,Anxieux,2019-11-17T21:16:17Z,5543888,233.5555582,3,207,3,27,NA,NA,NA,NA,NA,1,543,2019-11-17T21:16:17Z,2019-11-17
4DN3C,Class 2,BJVwwrM5X,-74,-58,Y,other,FALSE,Fatigué,2019-11-17T21:52:30Z,7716971,231.9112271,3,NA,NA,NA,NA,NA,NA,NA,NA,1,544,2019-11-17T21:52:30Z,2019-11-17
BV58S,Class 2,BJVwwrM5X,-31,-18,Y,button,TRUE,Stressé,2019-11-18T18:05:01Z,17309,239.8586144,3,243,3,3,NA,NA,NA,NA,NA,1,545,2019-11-18T18:05:01Z,2019-11-18
BV58S,Class 2,BJVwwrM5X,25,5,Y,button,TRUE,Satisfait,2019-11-18T18:05:31Z,46944,78.69006753,1,99,2,20,NA,NA,NA,NA,NA,1,546,2019-11-18T18:05:31Z,2019-11-18
4DN3C,Class 2,BJVwwrM5X,-78,-80,Y,button,TRUE,Stressé,2019-11-18T21:44:23Z,8899878,224.2747757,3,243,3,19,NA,NA,NA,NA,NA,1,547,2019-11-18T21:44:23Z,2019-11-18
4DN3C,Class 2,BJVwwrM5X,-16,-14,Y,button,TRUE,Lassé,2019-11-20T07:58:44Z,88834,228.8140748,3,225,3,4,NA,NA,NA,NA,NA,1,548,2019-11-20T07:58:44Z,2019-11-20
4873I,Class 2,BJVwwrM5X,-100,0,X,other,TRUE,Stressé,2019-11-20T10:43:29Z,22946,180,2,243,3,63,NA,NA,NA,NA,NA,2,549,2019-11-20T10:43:29Z,2019-11-20
4873I,Class 2,BJVwwrM5X,2,94,Y,button,TRUE,Intéressé,2019-11-20T10:44:02Z,55917,1.218875235,1,27,1,26,NA,NA,NA,NA,NA,2,550,2019-11-20T10:44:02Z,2019-11-20
4873I,Class 2,BJVwwrM5X,-100,-6,Y,other,FALSE,Motivé,2019-11-20T10:45:10Z,123681,266.5663696,3,NA,NA,NA,NA,NA,NA,NA,NA,2,551,2019-11-20T10:45:10Z,2019-11-20
4873I,Class 2,BJVwwrM5X,-100,0,Y,other,FALSE,Insécurisé,2019-11-20T10:45:42Z,155737,180,2,NA,NA,NA,NA,NA,NA,NA,NA,2,552,2019-11-20T10:45:42Z,2019-11-20
GA42L,Class 2,BJVwwrM5X,18,32,Y,other,TRUE,Concentré,2019-11-20T10:51:29Z,47293,29.35775354,1,81,1,52,NA,NA,NA,NA,NA,3,553,2019-11-20T10:51:29Z,2019-11-20
GA42L,Class 2,BJVwwrM5X,73,75,Y,other,TRUE,Satisfait,2019-11-20T10:52:10Z,88971,44.22577984,1,99,2,55,NA,NA,NA,NA,NA,3,554,2019-11-20T10:52:10Z,2019-11-20
GA42L,Class 2,BJVwwrM5X,73,71,Y,other,TRUE,Soulagé,2019-11-20T10:52:25Z,104067,45.79572355,1,153,2,107,NA,NA,NA,NA,NA,3,555,2019-11-20T10:52:25Z,2019-11-20
GA42L,Class 2,BJVwwrM5X,-30,13,X,button,TRUE,Frustré,2019-11-20T11:36:42Z,2760278,293.4286928,4,279,4,14,NA,NA,NA,NA,NA,3,556,2019-11-20T11:36:42Z,2019-11-20
4DN3C,Class 2,BJVwwrM5X,-100,-93,X,other,TRUE,Enervé,2019-11-20T11:41:22Z,13446669,227.0771748,3,333,4,106,NA,NA,NA,NA,NA,2,557,2019-11-20T11:41:22Z,2019-11-20
GA42L,Class 2,BJVwwrM5X,-64,13,X,button,TRUE,Frustré,2019-11-20T12:36:27Z,6346055,281.4819914,4,279,4,2,NA,NA,NA,NA,NA,3,558,2019-11-20T12:36:27Z,2019-11-20
4DN3C,Class 2,BJVwwrM5X,-84,-49,Y,button,TRUE,Insatisfait,2019-11-20T15:09:08Z,9565,239.7435628,3,261,3,21,NA,NA,NA,NA,NA,1,559,2019-11-20T15:09:08Z,2019-11-20
4DN3C,Class 2,BJVwwrM5X,3,-5,X,button,TRUE,Soulagé,2019-11-20T17:36:18Z,8839272,149.0362435,2,153,2,4,NA,NA,NA,NA,NA,1,560,2019-11-20T17:36:18Z,2019-11-20
Z68B8,Class 2,BJVwwrM5X,-52,-16,Y,button,TRUE,Frustré,2019-11-21T09:57:17Z,1284182,252.897271,3,279,4,26,NA,NA,NA,NA,NA,1,561,2019-11-21T09:57:17Z,2019-11-21
Z68B8,Class 2,BJVwwrM5X,-46,-16,X,button,TRUE,Lassé,2019-11-21T10:11:55Z,2162516,250.820992,3,225,3,26,NA,NA,NA,NA,NA,1,562,2019-11-21T10:11:55Z,2019-11-21
4873I,Class 2,BJVwwrM5X,-44,0,X,button,TRUE,Confus,2019-11-21T10:23:59Z,12231,180,2,189,3,9,NA,NA,NA,NA,NA,2,563,2019-11-21T10:23:59Z,2019-11-21
Z68B8,Class 2,BJVwwrM5X,-3,-6,X,button,TRUE,Confus,2019-11-21T10:33:09Z,3436829,206.5650512,3,189,3,18,NA,NA,NA,NA,NA,2,564,2019-11-21T10:33:09Z,2019-11-21
4873I,Class 2,BJVwwrM5X,-26,7,Y,button,TRUE,Frustré,2019-11-21T10:43:47Z,1200454,285.0684882,4,279,4,6,NA,NA,NA,NA,NA,2,565,2019-11-21T10:43:47Z,2019-11-21
Z68B8,Class 2,BJVwwrM5X,2,-6,X,button,TRUE,Soulagé,2019-11-21T10:49:09Z,4396613,161.5650512,2,153,2,9,NA,NA,NA,NA,NA,2,566,2019-11-21T10:49:09Z,2019-11-21
4873I,Class 2,BJVwwrM5X,30,20,Y,button,TRUE,Concentré,2019-11-21T13:08:28Z,95121722,56.30993247,1,81,1,25,NA,NA,NA,NA,NA,2,567,2019-11-21T13:08:28Z,2019-11-21
4873I,Class 2,BJVwwrM5X,30,18,Y,other,TRUE,Intéressé,2019-11-21T13:08:45Z,95138558,59.03624347,1,27,1,32,NA,NA,NA,NA,NA,2,568,2019-11-21T13:08:45Z,2019-11-21
4873I,Class 2,BJVwwrM5X,30,19,Y,other,FALSE,Fatigué,2019-11-21T13:09:13Z,95167169,57.6525565,1,NA,NA,NA,NA,NA,NA,NA,NA,2,569,2019-11-21T13:09:13Z,2019-11-21
Z68B8,Class 2,BJVwwrM5X,27,12,Y,button,TRUE,Ravi,2019-11-21T13:14:32Z,1683898,66.03751103,1,63,1,3,NA,NA,NA,NA,NA,1,570,2019-11-21T13:14:32Z,2019-11-21
4873I,Class 2,BJVwwrM5X,-48,31,Y,other,FALSE,Fatigué,2019-11-21T13:26:15Z,10947956,302.855722,4,NA,NA,NA,NA,NA,NA,NA,NA,1,571,2019-11-21T13:26:15Z,2019-11-21
Z68B8,Class 2,BJVwwrM5X,27,-4,Y,button,TRUE,Concentré,2019-11-21T13:43:31Z,3422235,98.42696902,2,81,1,17,NA,NA,NA,NA,NA,1,572,2019-11-21T13:43:31Z,2019-11-21
4873I,Class 2,BJVwwrM5X,-82,33,Y,other,FALSE,Bloqué,2019-11-21T14:12:05Z,13698010,291.9217786,4,NA,NA,NA,NA,NA,NA,NA,NA,1,573,2019-11-21T14:12:05Z,2019-11-21
Z68B8,Class 2,BJVwwrM5X,-69,10,Y,button,TRUE,Frustré,2019-11-21T14:49:08Z,7359717,278.2463208,4,279,4,1,NA,NA,NA,NA,NA,1,574,2019-11-21T14:49:08Z,2019-11-21
GA42L,Class 2,BJVwwrM5X,-45,-31,X,other,TRUE,Lassé,2019-11-21T16:18:51Z,99704663,235.4374754,3,225,3,10,NA,NA,NA,NA,NA,1,575,2019-11-21T16:18:51Z,2019-11-21
GA42L,Class 2,BJVwwrM5X,-45,-31,X,button,TRUE,Lassé,2019-11-21T16:18:59Z,99712905,235.4374754,3,225,3,10,NA,NA,NA,NA,NA,1,576,2019-11-21T16:18:59Z,2019-11-21
Z68B8,Class 2,BJVwwrM5X,-20,-2,Y,button,TRUE,Insatisfait,2019-11-21T17:44:40Z,17891126,264.2894069,3,261,3,3,NA,NA,NA,NA,NA,1,577,2019-11-21T17:44:40Z,2019-11-21
Z68B8,Class 2,BJVwwrM5X,0,-2,Y,other,FALSE,Fatigué,2019-11-21T17:59:46Z,886322,270,3,NA,NA,NA,NA,NA,NA,NA,NA,1,578,2019-11-21T17:59:46Z,2019-11-21
094O8,Class 2,BJVwwrM5X,68,62,X,button,TRUE,Intéressé,2019-11-21T18:44:43Z,13188,47.64254529,1,27,1,21,NA,NA,NA,NA,NA,1,579,2019-11-21T18:44:43Z,2019-11-21
4873I,Class 2,BJVwwrM5X,-100,19,X,button,TRUE,Insatisfait,2019-11-21T22:09:54Z,127607803,280.7579671,4,261,3,20,NA,NA,NA,NA,NA,2,580,2019-11-21T22:09:54Z,2019-11-21
4873I,Class 2,BJVwwrM5X,-100,-1,Y,other,FALSE,Saturé,2019-11-21T22:10:07Z,127620591,269.4270613,3,NA,NA,NA,NA,NA,NA,NA,NA,2,581,2019-11-21T22:10:07Z,2019-11-21
4873I,Class 2,BJVwwrM5X,-100,-5,Y,other,FALSE,Déprimé,2019-11-21T22:10:27Z,127640383,267.1375948,3,NA,NA,NA,NA,NA,NA,NA,NA,2,582,2019-11-21T22:10:27Z,2019-11-21
4DN3C,Class 2,BJVwwrM5X,-73,-64,X,button,TRUE,Anxieux,2019-11-22T13:57:21Z,11576,228.7585557,3,207,3,22,NA,NA,NA,NA,NA,1,583,2019-11-22T13:57:21Z,2019-11-22
4873I,Class 2,BJVwwrM5X,-100,6,X,button,TRUE,Insatisfait,2019-11-22T14:22:26Z,12321,273.4336304,4,261,3,12,NA,NA,NA,NA,NA,1,584,2019-11-22T14:22:26Z,2019-11-22
4873I,Class 2,BJVwwrM5X,-100,5,Y,other,FALSE,Fatigué,2019-11-22T14:22:33Z,19702,272.8624052,4,NA,NA,NA,NA,NA,NA,NA,NA,1,585,2019-11-22T14:22:33Z,2019-11-22
4873I,Class 2,BJVwwrM5X,-100,16,Y,other,FALSE,Impatient,2019-11-22T14:22:50Z,36363,279.0902769,4,NA,NA,NA,NA,NA,NA,NA,NA,1,586,2019-11-22T14:22:50Z,2019-11-22
4873I,Class 2,BJVwwrM5X,6,-35,Y,button,TRUE,Soulagé,2019-11-22T16:21:47Z,10914,170.2724214,2,153,2,17,NA,NA,NA,NA,NA,1,587,2019-11-22T16:21:47Z,2019-11-22
GA42L,Class 2,BJVwwrM5X,0,-77,Y,button,TRUE,Frustré,2019-11-22T18:18:28Z,16583,270,3,279,4,9,NA,NA,NA,NA,NA,1,588,2019-11-22T18:18:28Z,2019-11-22
GA42L,Class 2,BJVwwrM5X,-92,-77,X,button,TRUE,Lassé,2019-11-22T18:18:35Z,23664,230.0721329,3,225,3,5,NA,NA,NA,NA,NA,1,589,2019-11-22T18:18:35Z,2019-11-22
GA42L,Class 2,BJVwwrM5X,-77,-77,X,button,TRUE,Anxieux,2019-11-22T18:18:40Z,28011,225,3,207,3,18,NA,NA,NA,NA,NA,1,590,2019-11-22T18:18:40Z,2019-11-22
GA42L,Class 2,BJVwwrM5X,-56,-77,X,button,TRUE,Stressé,2019-11-22T18:18:44Z,32148,216.0273734,3,243,3,27,NA,NA,NA,NA,NA,1,591,2019-11-22T18:18:44Z,2019-11-22
GA42L,Class 2,BJVwwrM5X,-56,-95,Y,button,TRUE,Confus,2019-11-22T18:18:58Z,45924,210.5182307,3,189,3,22,NA,NA,NA,NA,NA,1,592,2019-11-22T18:18:58Z,2019-11-22
GA42L,Class 2,BJVwwrM5X,-56,-87,Y,other,FALSE,Fatigué,2019-11-22T18:19:32Z,80380,212.7684991,3,NA,NA,NA,NA,NA,NA,NA,NA,1,593,2019-11-22T18:19:32Z,2019-11-22
4DN3C,Class 2,BJVwwrM5X,72,0,Y,button,TRUE,Soulagé,2019-11-22T22:34:58Z,20310,180,2,153,2,27,NA,NA,NA,NA,NA,1,594,2019-11-22T22:34:58Z,2019-11-22
094O8,Class 2,BJVwwrM5X,62,69,Y,button,TRUE,Intéressé,2019-11-23T10:36:53Z,24908,41.94130243,1,27,1,15,NA,NA,NA,NA,NA,1,595,2019-11-23T10:36:53Z,2019-11-23
GA42L,Class 2,BJVwwrM5X,0,41,Y,button,TRUE,Satisfait,2019-11-23T16:59:48Z,49565,90,1,99,2,9,NA,NA,NA,NA,NA,1,596,2019-11-23T16:59:48Z,2019-11-23
GA42L,Class 2,BJVwwrM5X,40,41,X,button,TRUE,Intéressé,2019-11-23T16:59:56Z,57786,44.29268063,1,27,1,17,NA,NA,NA,NA,NA,1,597,2019-11-23T16:59:56Z,2019-11-23
GA42L,Class 2,BJVwwrM5X,72,71,Y,other,TRUE,Soulagé,2019-11-23T17:45:21Z,2782327,45.40066326,1,153,2,108,NA,NA,NA,NA,NA,1,598,2019-11-23T17:45:21Z,2019-11-23
DT6KT,Class 2,BJVwwrM5X,32,77,X,button,TRUE,Intéressé,2019-11-23T22:21:37Z,22510,22.56700908,1,27,1,4,NA,NA,NA,NA,NA,0,599,2019-11-23T22:21:37Z,2019-11-23
DT6KT,Class 2,BJVwwrM5X,50,81,X,button,TRUE,Confiant,2019-11-24T00:15:24Z,15473,31.68636769,1,9,1,23,NA,NA,NA,NA,NA,1,600,2019-11-24T00:15:24Z,2019-11-24
DT6KT,Class 2,BJVwwrM5X,33,58,X,other,TRUE,Concentré,2019-11-24T00:39:59Z,15544,29.63838369,1,81,1,51,NA,NA,NA,NA,NA,1,601,2019-11-24T00:39:59Z,2019-11-24
DT6KT,Class 2,BJVwwrM5X,33,48,Y,other,TRUE,Soulagé,2019-11-24T00:40:17Z,33623,34.50852299,1,153,2,118,NA,NA,NA,NA,NA,1,602,2019-11-24T00:40:17Z,2019-11-24
DT6KT,Class 2,BJVwwrM5X,-19,38,Y,other,TRUE,Insatisfait,2019-11-24T02:16:30Z,5806361,333.4349488,4,261,3,72,NA,NA,NA,NA,NA,1,603,2019-11-24T02:16:30Z,2019-11-24
DT6KT,Class 2,BJVwwrM5X,12,100,Y,other,FALSE,Ambitieux,2019-11-24T10:46:27Z,68099,6.842773413,1,NA,NA,NA,NA,NA,NA,NA,NA,1,604,2019-11-24T10:46:27Z,2019-11-24
4DN3C,Class 2,BJVwwrM5X,22,21,Y,button,TRUE,Intéressé,2019-12-03T21:17:55Z,15595,46.33221985,1,27,1,19,NA,NA,NA,NA,NA,1,605,2019-12-03T21:17:55Z,2019-12-03
4DN3C,Class 2,BJVwwrM5X,-15,-27,X,other,TRUE,Lassé,2019-12-03T23:00:55Z,6195353,209.0546041,3,225,3,16,NA,NA,NA,NA,NA,1,606,2019-12-03T23:00:55Z,2019-12-03
4DN3C,Class 2,BJVwwrM5X,5,41,X,button,TRUE,Intéressé,2019-12-04T08:28:40Z,37712,6.952957468,1,27,1,20,NA,NA,NA,NA,NA,1,607,2019-12-04T08:28:40Z,2019-12-04
4DN3C,Class 2,BJVwwrM5X,31,30,Y,button,TRUE,Intéressé,2019-12-04T11:54:43Z,12400348,45.93919095,1,27,1,19,NA,NA,NA,NA,NA,1,608,2019-12-04T11:54:43Z,2019-12-04
4DN3C,Class 2,BJVwwrM5X,0,1,X,button,TRUE,Concentré,2019-12-04T13:29:00Z,13468,90,1,81,1,9,NA,NA,NA,NA,NA,1,609,2019-12-04T13:29:00Z,2019-12-04
4DN3C,Class 2,BJVwwrM5X,-49,-41,Y,button,TRUE,Stressé,2019-12-04T15:21:00Z,6734046,230.0796079,3,243,3,13,NA,NA,NA,NA,NA,1,610,2019-12-04T15:21:00Z,2019-12-04
094O8,Class 2,BJVwwrM5X,-75,-57,Y,button,TRUE,Lassé,2019-12-04T20:03:27Z,9573,232.765166,3,225,3,8,NA,NA,NA,NA,NA,2,611,2019-12-04T20:03:27Z,2019-12-04
QXZIZ,Class 2,BJVwwrM5X,0,21,Y,button,TRUE,Concentré,2019-12-04T20:03:52Z,50049,90,1,81,1,9,NA,NA,NA,NA,NA,2,612,2019-12-04T20:03:52Z,2019-12-04
BV58S,Class 2,BJVwwrM5X,21,0,X,button,TRUE,Soulagé,2019-12-04T20:06:22Z,6128,180,2,153,2,27,NA,NA,NA,NA,NA,2,613,2019-12-04T20:06:22Z,2019-12-04
BV58S,Class 2,BJVwwrM5X,21,-11,Y,button,TRUE,Détendu,2019-12-04T20:06:27Z,11373,117.6459754,2,117,2,1,NA,NA,NA,NA,NA,2,614,2019-12-04T20:06:27Z,2019-12-04
BV58S,Class 2,BJVwwrM5X,21,-11,Y,other,TRUE,Satisfait,2019-12-04T20:06:45Z,29390,117.6459754,2,99,2,19,NA,NA,NA,NA,NA,2,615,2019-12-04T20:06:45Z,2019-12-04
4DN3C,Class 2,BJVwwrM5X,-48,-41,X,other,FALSE,Fatigué,2019-12-04T20:21:29Z,24763121,229.4971516,3,NA,NA,NA,NA,NA,NA,NA,NA,1,616,2019-12-04T20:21:29Z,2019-12-04
QXZIZ,Class 2,BJVwwrM5X,0,-11,Y,button,TRUE,Frustré,2019-12-04T20:39:33Z,2191873,270,3,279,4,9,NA,NA,NA,NA,NA,1,617,2019-12-04T20:39:33Z,2019-12-04
QXZIZ,Class 2,BJVwwrM5X,-8,-11,X,button,TRUE,Stressé,2019-12-04T20:39:36Z,2194838,216.0273734,3,243,3,27,NA,NA,NA,NA,NA,1,618,2019-12-04T20:39:36Z,2019-12-04
094O8,Class 2,BJVwwrM5X,-37,-34,Y,button,TRUE,Stressé,2019-12-04T20:53:03Z,13621,227.4195092,3,243,3,16,NA,NA,NA,NA,NA,1,619,2019-12-04T20:53:03Z,2019-12-04
QXZIZ,Class 2,BJVwwrM5X,-100,-100,X,other,FALSE,Découragé,2019-12-04T21:08:08Z,3905986,225,3,NA,NA,NA,NA,NA,NA,NA,NA,1,620,2019-12-04T21:08:08Z,2019-12-04
QXZIZ,Class 2,BJVwwrM5X,-100,-100,X,other,TRUE,Frustré,2019-12-04T21:08:23Z,3921041,225,3,279,4,54,NA,NA,NA,NA,NA,1,621,2019-12-04T21:08:23Z,2019-12-04
094O8,Class 2,BJVwwrM5X,0,-2,Y,other,TRUE,Lassé,2019-12-04T21:28:13Z,34410,270,3,225,3,45,NA,NA,NA,NA,NA,2,622,2019-12-04T21:28:13Z,2019-12-04
QXZIZ,Class 2,BJVwwrM5X,0,-100,Y,button,TRUE,Insatisfait,2019-12-04T21:46:40Z,2284305,270,3,261,3,9,NA,NA,NA,NA,NA,1,623,2019-12-04T21:46:40Z,2019-12-04
Z68B8,Class 2,BJVwwrM5X,65,62,Y,button,TRUE,Amusé,2019-12-04T22:01:48Z,14883,46.35319195,1,45,1,1,NA,NA,NA,NA,NA,2,624,2019-12-04T22:01:48Z,2019-12-04
Z68B8,Class 2,BJVwwrM5X,1,1,X,other,FALSE,Fatigué,2019-12-04T22:23:36Z,1322542,45,1,NA,NA,NA,NA,NA,NA,NA,NA,2,625,2019-12-04T22:23:36Z,2019-12-04
QXZIZ,Class 2,BJVwwrM5X,-100,-100,X,other,FALSE,Fatigué,2019-12-04T23:03:57Z,6921107,225,3,NA,NA,NA,NA,NA,NA,NA,NA,1,626,2019-12-04T23:03:57Z,2019-12-04
QXZIZ,Class 2,BJVwwrM5X,-100,-100,X,other,TRUE,Frustré,2019-12-04T23:04:06Z,6930123,225,3,279,4,54,NA,NA,NA,NA,NA,1,627,2019-12-04T23:04:06Z,2019-12-04
QXZIZ,Class 2,BJVwwrM5X,-100,-100,X,other,FALSE,Impatient,2019-12-04T23:04:13Z,6937373,225,3,NA,NA,NA,NA,NA,NA,NA,NA,1,628,2019-12-04T23:04:13Z,2019-12-04
QXZIZ,Class 2,BJVwwrM5X,-100,-100,X,other,TRUE,Insatisfait,2019-12-04T23:04:21Z,6945032,225,3,261,3,36,NA,NA,NA,NA,NA,1,629,2019-12-04T23:04:21Z,2019-12-04
Z68B8,Class 2,BJVwwrM5X,-18,0,X,button,TRUE,Confus,2019-12-05T10:22:09Z,9635,180,2,189,3,9,NA,NA,NA,NA,NA,1,630,2019-12-05T10:22:09Z,2019-12-05
Z68B8,Class 2,BJVwwrM5X,23,10,Y,button,TRUE,Ravi,2019-12-05T10:39:50Z,1070820,66.50143432,1,63,1,4,NA,NA,NA,NA,NA,1,631,2019-12-05T10:39:50Z,2019-12-05
QXZIZ,Class 2,BJVwwrM5X,100,100,Y,other,TRUE,Soulagé,2019-12-05T12:23:36Z,10954,45,1,153,2,108,NA,NA,NA,NA,NA,2,632,2019-12-05T12:23:36Z,2019-12-05
QXZIZ,Class 2,BJVwwrM5X,100,100,Y,other,FALSE,Festif,2019-12-05T12:23:43Z,17670,45,1,NA,NA,NA,NA,NA,NA,NA,NA,2,633,2019-12-05T12:23:43Z,2019-12-05
41DRO,Class 2,BJVwwrM5X,-83,15,X,button,TRUE,Insatisfait,2019-12-05T16:25:10Z,10376,280.2440874,4,261,3,19,NA,NA,NA,NA,NA,1,634,2019-12-05T16:25:10Z,2019-12-05
41DRO,Class 2,BJVwwrM5X,-83,0,Y,other,TRUE,Stressé,2019-12-05T16:25:35Z,35504,180,2,243,3,63,NA,NA,NA,NA,NA,1,635,2019-12-05T16:25:35Z,2019-12-05
41DRO,Class 2,BJVwwrM5X,-62,100,X,button,TRUE,Irrité,2019-12-05T16:28:09Z,189305,328.2010872,4,351,4,23,NA,NA,NA,NA,NA,1,636,2019-12-05T16:28:09Z,2019-12-05
41DRO,Class 2,BJVwwrM5X,-62,100,X,other,FALSE,Découragé,2019-12-05T16:29:01Z,240874,328.2010872,4,NA,NA,NA,NA,NA,NA,NA,NA,1,637,2019-12-05T16:29:01Z,2019-12-05
41DRO,Class 2,BJVwwrM5X,-100,14,Y,button,TRUE,Insatisfait,2019-12-05T16:29:26Z,266312,277.9696104,4,261,3,17,NA,NA,NA,NA,NA,1,638,2019-12-05T16:29:26Z,2019-12-05
41DRO,Class 2,BJVwwrM5X,-100,14,Y,button,TRUE,Insatisfait,2019-12-05T16:41:18Z,978329,277.9696104,4,261,3,17,NA,NA,NA,NA,NA,1,639,2019-12-05T16:41:18Z,2019-12-05
094O8,Class 2,BJVwwrM5X,32,0,X,button,TRUE,Soulagé,2019-12-05T21:02:41Z,6126,180,2,153,2,27,NA,NA,NA,NA,NA,1,640,2019-12-05T21:02:41Z,2019-12-05
41DRO,Class 2,BJVwwrM5X,-100,-100,X,other,TRUE,Enervé,2019-12-05T21:17:39Z,43652,225,3,333,4,108,NA,NA,NA,NA,NA,1,641,2019-12-05T21:17:39Z,2019-12-05
Z68B8,Class 2,BJVwwrM5X,0,12,Y,button,TRUE,Concentré,2019-12-05T22:20:53Z,6047,90,1,81,1,9,NA,NA,NA,NA,NA,1,642,2019-12-05T22:20:53Z,2019-12-05
Z68B8,Class 2,BJVwwrM5X,0,7,X,button,TRUE,Concentré,2019-12-06T09:29:54Z,4764344,90,1,81,1,9,NA,NA,NA,NA,NA,1,643,2019-12-06T09:29:54Z,2019-12-06
Z68B8,Class 2,BJVwwrM5X,-38,7,X,button,TRUE,Frustré,2019-12-06T10:12:11Z,7301363,280.4374754,4,279,4,1,NA,NA,NA,NA,NA,1,644,2019-12-06T10:12:11Z,2019-12-06
094O8,Class 2,BJVwwrM5X,60,48,Y,other,FALSE,Fatigué,2019-12-06T10:52:12Z,18326,51.34019175,1,NA,NA,NA,NA,NA,NA,NA,NA,2,645,2019-12-06T10:52:12Z,2019-12-06
4DN3C,Class 2,BJVwwrM5X,1,14,X,button,TRUE,Intéressé,2019-12-06T12:21:21Z,25581,4.08561678,1,27,1,23,NA,NA,NA,NA,NA,1,646,2019-12-06T12:21:21Z,2019-12-06
4DN3C,Class 2,BJVwwrM5X,-12,10,X,button,TRUE,Enervé,2019-12-06T13:18:25Z,22983,309.8055711,4,333,4,23,NA,NA,NA,NA,NA,1,647,2019-12-06T13:18:25Z,2019-12-06
Z68B8,Class 2,BJVwwrM5X,100,0,Y,button,TRUE,Soulagé,2019-12-06T16:00:16Z,51525,180,2,153,2,27,NA,NA,NA,NA,NA,1,648,2019-12-06T16:00:16Z,2019-12-06
Z68B8,Class 2,BJVwwrM5X,100,7,Y,button,TRUE,Concentré,2019-12-06T16:00:33Z,68644,85.99582706,1,81,1,5,NA,NA,NA,NA,NA,1,649,2019-12-06T16:00:33Z,2019-12-06
Z68B8,Class 2,BJVwwrM5X,90,7,X,button,TRUE,Satisfait,2019-12-06T16:26:57Z,1652957,85.55261515,1,99,2,13,NA,NA,NA,NA,NA,1,650,2019-12-06T16:26:57Z,2019-12-06
Z68B8,Class 2,BJVwwrM5X,2,-17,X,button,TRUE,Confus,2019-12-06T18:23:03Z,8618259,173.2901632,2,189,3,16,NA,NA,NA,NA,NA,1,651,2019-12-06T18:23:03Z,2019-12-06
Z68B8,Class 2,BJVwwrM5X,-54,-36,X,button,TRUE,Lassé,2019-12-06T19:33:11Z,12826337,236.3099325,3,225,3,11,NA,NA,NA,NA,NA,1,652,2019-12-06T19:33:11Z,2019-12-06
Z68B8,Class 2,BJVwwrM5X,-17,-36,X,button,TRUE,Confus,2019-12-06T20:37:26Z,16681713,205.2777222,3,189,3,16,NA,NA,NA,NA,NA,1,653,2019-12-06T20:37:26Z,2019-12-06
Z68B8,Class 2,BJVwwrM5X,1,-6,X,button,TRUE,Soulagé,2019-12-06T21:28:21Z,19736443,170.5376778,2,153,2,18,NA,NA,NA,NA,NA,1,654,2019-12-06T21:28:21Z,2019-12-06
Z68B8,Class 2,BJVwwrM5X,11,4,X,button,TRUE,Ravi,2019-12-06T22:18:31Z,22746222,70.01689348,1,63,1,7,NA,NA,NA,NA,NA,1,655,2019-12-06T22:18:31Z,2019-12-06
094O8,Class 2,BJVwwrM5X,69,0,X,other,FALSE,Fatigué,2019-12-07T15:33:10Z,15927,180,2,NA,NA,NA,NA,NA,NA,NA,NA,1,656,2019-12-07T15:33:10Z,2019-12-07
DT6KT,Class 2,BJVwwrM5X,100,100,Y,button,TRUE,Ravi,2019-12-08T03:01:01Z,11841,45,1,63,1,18,NA,NA,NA,NA,NA,1,657,2019-12-08T03:01:01Z,2019-12-08
DT6KT,Class 2,BJVwwrM5X,100,100,X,other,TRUE,Soulagé,2019-12-08T03:01:22Z,32314,45,1,153,2,108,NA,NA,NA,NA,NA,1,658,2019-12-08T03:01:22Z,2019-12-08
DT6KT,Class 2,BJVwwrM5X,100,100,X,other,FALSE,Fier,2019-12-08T03:01:34Z,45032,45,1,NA,NA,NA,NA,NA,NA,NA,NA,1,659,2019-12-08T03:01:34Z,2019-12-08
DT6KT,Class 2,BJVwwrM5X,100,100,X,other,FALSE,Plénitude,2019-12-08T03:04:02Z,193021,45,1,NA,NA,NA,NA,NA,NA,NA,NA,1,660,2019-12-08T03:04:02Z,2019-12-08
DT6KT,Class 2,BJVwwrM5X,100,100,X,other,FALSE,Grisé,2019-12-08T03:04:14Z,204760,45,1,NA,NA,NA,NA,NA,NA,NA,NA,1,661,2019-12-08T03:04:14Z,2019-12-08
DT6KT,Class 2,BJVwwrM5X,100,100,X,other,TRUE,Satisfait,2019-12-08T03:04:27Z,217133,45,1,99,2,54,NA,NA,NA,NA,NA,1,662,2019-12-08T03:04:27Z,2019-12-08
094O8,Class 2,BJVwwrM5X,95,99,Y,button,TRUE,Ravi,2019-12-08T10:09:49Z,9943,43.81881109,1,63,1,19,NA,NA,NA,NA,NA,1,663,2019-12-08T10:09:49Z,2019-12-08
094O8,Class 2,BJVwwrM5X,47,0,Y,other,TRUE,Intéressé,2019-12-16T19:51:59Z,21284,180,2,27,1,153,NA,NA,NA,NA,NA,1,665,2019-12-16T19:51:59Z,2019-12-16
094O8,Class 2,BJVwwrM5X,47,0,Y,button,TRUE,Confus,2019-12-16T19:52:17Z,39586,180,2,189,3,9,NA,NA,NA,NA,NA,1,666,2019-12-16T19:52:17Z,2019-12-16
094O8,Class 2,BJVwwrM5X,-58,-31,Y,button,TRUE,Stressé,2019-12-18T12:40:43Z,13329,241.8762646,3,243,3,1,NA,NA,NA,NA,NA,1,667,2019-12-18T12:40:43Z,2019-12-18
094O8,Class 2,BJVwwrM5X,53,47,Y,other,TRUE,Soulagé,2019-12-18T16:02:46Z,12755,48.43363036,1,153,2,105,NA,NA,NA,NA,NA,1,668,2019-12-18T16:02:46Z,2019-12-18
094O8,Class 2,BJVwwrM5X,38,70,Y,other,TRUE,Soulagé,2019-12-18T16:03:09Z,11256,28.49563862,1,153,2,125,NA,NA,NA,NA,NA,0,669,2019-12-18T16:03:09Z,2019-12-18
Z68B8,Class 2,BJVwwrM5X,56,30,Y,button,TRUE,Ravi,2019-12-20T08:45:13Z,9881,61.82140989,1,63,1,1,NA,NA,NA,NA,NA,1,670,2019-12-20T08:45:13Z,2019-12-20
Z68B8,Class 2,BJVwwrM5X,-17,-2,Y,button,TRUE,Frustré,2019-12-20T09:32:26Z,2842216,263.2901632,3,279,4,16,NA,NA,NA,NA,NA,1,671,2019-12-20T09:32:26Z,2019-12-20
Z68B8,Class 2,BJVwwrM5X,0,-53,X,button,TRUE,Frustré,2019-12-20T11:44:22Z,10758845,270,3,279,4,9,NA,NA,NA,NA,NA,1,672,2019-12-20T11:44:22Z,2019-12-20
Z68B8,Class 2,BJVwwrM5X,-1,-15,Y,button,TRUE,Confus,2019-12-20T14:38:44Z,5755522,183.8140748,3,189,3,5,NA,NA,NA,NA,NA,1,673,2019-12-20T14:38:44Z,2019-12-20
Z68B8,Class 2,BJVwwrM5X,-65,-67,X,button,TRUE,Lassé,2019-12-20T15:06:15Z,7406263,224.1319486,3,225,3,1,NA,NA,NA,NA,NA,1,674,2019-12-20T15:06:15Z,2019-12-20
Z68B8,Class 2,BJVwwrM5X,5,-67,X,button,TRUE,Soulagé,2019-12-20T15:19:14Z,8184811,175.7321067,2,153,2,23,NA,NA,NA,NA,NA,1,675,2019-12-20T15:19:14Z,2019-12-20
Z68B8,Class 2,BJVwwrM5X,0,-79,Y,button,TRUE,Frustré,2019-12-23T17:36:06Z,4034,270,3,279,4,9,NA,NA,NA,NA,NA,1,676,2019-12-23T17:36:06Z,2019-12-23
Z68B8,Class 2,BJVwwrM5X,-58,-79,X,button,TRUE,Lassé,2019-12-23T17:36:24Z,21894,216.2852671,3,225,3,9,NA,NA,NA,NA,NA,1,677,2019-12-23T17:36:24Z,2019-12-23
Z68B8,Class 2,BJVwwrM5X,17,-3,X,button,TRUE,Satisfait,2019-12-23T18:14:08Z,2285618,100.0079798,2,99,2,1,NA,NA,NA,NA,NA,1,678,2019-12-23T18:14:08Z,2019-12-23
Z68B8,Class 2,BJVwwrM5X,25,-3,X,button,TRUE,Concentré,2019-12-23T19:00:30Z,5068099,96.84277341,2,81,1,16,NA,NA,NA,NA,NA,1,679,2019-12-23T19:00:30Z,2019-12-23
4DN3C,Class 2,BJVwwrM5X,0,64,X,button,TRUE,Concentré,2019-12-30T10:30:16Z,51185,90,1,81,1,9,NA,NA,NA,NA,NA,1,680,2019-12-30T10:30:16Z,2019-12-30
IG6VT,Class 2,BJVwwrM5X,100,100,Y,button,TRUE,Ravi,2019-12-30T20:11:12Z,6814,45,1,63,1,18,NA,NA,NA,NA,NA,1,681,2019-12-30T20:11:12Z,2019-12-30
IG6VT,Class 2,BJVwwrM5X,100,44,Y,button,TRUE,Concentré,2019-12-30T20:43:43Z,1958434,66.25050551,1,81,1,15,NA,NA,NA,NA,NA,1,682,2019-12-30T20:43:43Z,2019-12-30
4DN3C,Class 2,BJVwwrM5X,-6,-6,Y,button,TRUE,Anxieux,2019-12-31T13:14:39Z,10632,225,3,207,3,18,NA,NA,NA,NA,NA,1,683,2019-12-31T13:14:39Z,2019-12-31
4DN3C,Class 2,BJVwwrM5X,-18,-19,X,button,TRUE,Anxieux,2020-01-02T09:27:36Z,56623,223.4518423,3,207,3,16,NA,NA,NA,NA,NA,1,684,2020-01-02T09:27:36Z,2020-01-02
4DN3C,Class 2,BJVwwrM5X,12,5,Y,button,TRUE,Concentré,2020-01-02T15:09:17Z,16479,67.38013505,1,81,1,14,NA,NA,NA,NA,NA,1,685,2020-01-02T15:09:17Z,2020-01-02
4DN3C,Class 2,BJVwwrM5X,0,5,X,button,TRUE,Concentré,2020-01-02T20:00:21Z,17481102,90,1,81,1,9,NA,NA,NA,NA,NA,1,686,2020-01-02T20:00:21Z,2020-01-02
4DN3C,Class 2,BJVwwrM5X,1,30,X,button,TRUE,Intéressé,2020-01-03T09:04:25Z,32797,1.909152433,1,27,1,25,NA,NA,NA,NA,NA,1,687,2020-01-03T09:04:25Z,2020-01-03
IG6VT,Class 2,BJVwwrM5X,0,-100,X,button,TRUE,Insatisfait,2020-01-09T13:41:45Z,7574,270,3,261,3,9,NA,NA,NA,NA,NA,1,688,2020-01-09T13:41:45Z,2020-01-09
IG6VT,Class 2,BJVwwrM5X,0,20,Y,button,TRUE,Concentré,2020-01-09T14:01:17Z,1178832,90,1,81,1,9,NA,NA,NA,NA,NA,1,689,2020-01-09T14:01:17Z,2020-01-09
IG6VT,Class 2,BJVwwrM5X,19,-59,Y,button,TRUE,Confus,2020-01-10T11:15:01Z,4839034,162.1496817,2,189,3,27,NA,NA,NA,NA,NA,1,690,2020-01-10T11:15:01Z,2020-01-10
QXZIZ,Class 2,BJVwwrM5X,57,100,X,button,TRUE,Confiant,2020-01-18T21:48:37Z,11590,29.68314018,1,9,1,21,NA,NA,NA,NA,NA,1,693,2020-01-18T21:48:37Z,2020-01-18
QXZIZ,Class 2,BJVwwrM5X,57,100,X,other,FALSE,Motivé,2020-01-18T21:48:45Z,19384,29.68314018,1,NA,NA,NA,NA,NA,NA,NA,NA,1,694,2020-01-18T21:48:45Z,2020-01-18
QXZIZ,Class 2,BJVwwrM5X,100,100,X,other,TRUE,Satisfait,2020-01-18T22:53:53Z,3927436,45,1,99,2,54,NA,NA,NA,NA,NA,1,695,2020-01-18T22:53:53Z,2020-01-18
094O8,Class 2,BJVwwrM5X,18,2,X,button,TRUE,Concentré,2020-01-19T13:04:33Z,13082,83.65980825,1,81,1,3,NA,NA,NA,NA,NA,1,696,2020-01-19T13:04:33Z,2020-01-19
094O8,Class 2,BJVwwrM5X,14,0,X,button,TRUE,Confus,2020-01-19T17:30:09Z,14004,180,2,189,3,9,NA,NA,NA,NA,NA,1,697,2020-01-19T17:30:09Z,2020-01-19
4873I,Class 2,BJVwwrM5X,-100,-35,Y,button,TRUE,Stressé,2020-01-19T20:39:46Z,13448,250.7099538,3,243,3,8,NA,NA,NA,NA,NA,1,698,2020-01-19T20:39:46Z,2020-01-19
4873I,Class 2,BJVwwrM5X,-100,-30,Y,button,TRUE,Insatisfait,2020-01-19T20:39:53Z,20351,253.3007558,3,261,3,8,NA,NA,NA,NA,NA,1,699,2020-01-19T20:39:53Z,2020-01-19
094O8,Class 2,BJVwwrM5X,33,35,Y,button,TRUE,Intéressé,2020-01-20T17:47:32Z,10065,43.31531568,1,27,1,16,NA,NA,NA,NA,NA,1,700,2020-01-20T17:47:32Z,2020-01-20
4DN3C,Class 2,BJVwwrM5X,-23,-20,Y,button,TRUE,Stressé,2020-01-22T15:27:25Z,16559,228.9909131,3,243,3,14,NA,NA,NA,NA,NA,1,701,2020-01-22T15:27:25Z,2020-01-22
4DN3C,Class 2,BJVwwrM5X,-23,-23,Y,button,TRUE,Anxieux,2020-01-22T17:46:40Z,8371683,225,3,207,3,18,NA,NA,NA,NA,NA,1,702,2020-01-22T17:46:40Z,2020-01-22
094O8,Class 2,BJVwwrM5X,-15,-14,Y,other,FALSE,Fatigué,2020-01-22T18:06:07Z,16134,226.974934,3,NA,NA,NA,NA,NA,NA,NA,NA,1,703,2020-01-22T18:06:07Z,2020-01-22
094O8,Class 2,BJVwwrM5X,56,34,Y,button,TRUE,Concentré,2020-01-23T06:59:05Z,11186,58.73626831,1,81,1,22,NA,NA,NA,NA,NA,1,704,2020-01-23T06:59:05Z,2020-01-23
4DN3C,Class 2,BJVwwrM5X,14,8,Y,button,TRUE,Concentré,2020-01-28T08:17:51Z,42076,60.2551187,1,81,1,21,NA,NA,NA,NA,NA,1,705,2020-01-28T08:17:51Z,2020-01-28
WIN3R,Class 2,BJVwwrM5X,88,56,Y,button,TRUE,Concentré,2020-01-28T10:17:45Z,8598,57.52880771,1,81,1,23,NA,NA,NA,NA,NA,2,706,2020-01-28T10:17:45Z,2020-01-28
WIN3R,Class 2,BJVwwrM5X,94,56,X,other,TRUE,Satisfait,2020-01-28T10:18:05Z,29204,59.21585347,1,NA,NA,NA,NA,NA,NA,NA,NA,2,707,2020-01-28T10:18:05Z,2020-01-28
WIN3R,Class 2,BJVwwrM5X,-11,5,X,other,FALSE,Dubitatif,2020-01-28T10:24:47Z,430941,294.4439548,4,NA,NA,NA,NA,NA,NA,NA,NA,1,708,2020-01-28T10:24:47Z,2020-01-28
WIN3R,Class 2,BJVwwrM5X,12,-1,X,button,TRUE,Concentré,2020-01-28T10:40:55Z,1398456,94.76364169,2,81,1,14,NA,NA,NA,NA,NA,1,709,2020-01-28T10:40:55Z,2020-01-28
WIN3R,Class 2,BJVwwrM5X,39,-1,X,button,TRUE,Satisfait,2020-01-28T10:56:10Z,2314325,91.46880071,2,99,2,8,NA,NA,NA,NA,NA,1,710,2020-01-28T10:56:10Z,2020-01-28
094O8,Class 2,BJVwwrM5X,-32,-14,Y,button,TRUE,Insatisfait,2020-01-28T11:13:59Z,12351,246.3706223,3,261,3,15,NA,NA,NA,NA,NA,1,711,2020-01-28T11:13:59Z,2020-01-28
4DN3C,Class 2,BJVwwrM5X,-11,-8,Y,button,TRUE,Anxieux,2020-01-28T11:38:07Z,8609,233.9726266,3,207,3,27,NA,NA,NA,NA,NA,1,712,2020-01-28T11:38:07Z,2020-01-28
4DN3C,Class 2,BJVwwrM5X,-40,-55,Y,button,TRUE,Lassé,2020-01-28T18:49:37Z,25899032,216.0273734,3,225,3,9,NA,NA,NA,NA,NA,1,713,2020-01-28T18:49:37Z,2020-01-28
